file,410pred,410err,660pred,660err
0.087_0.09.sac,-152.985089657,0.244211866796,-229.706634768,0.27258408714
0.087_0.18.sac,-229.644339356,0.360472047028,-321.465609018,0.474516145078
0.087_0.27.sac,-154.503503148,0.181643011878,-228.640141832,0.302089898298
0.087_0.36.sac,-229.370001333,0.256642995202,-273.169989572,0.296205254445
0.087_0.45.sac,-158.230246014,0.174941020033,-326.033503678,0.26293652833
0.087_0.54.sac,-153.099119603,0.303869166427,-225.006673388,0.218811753808
0.087_0.63.sac,-127.218971883,0.213297152457,-222.978600562,0.245714751584
0.087_0.72.sac,-154.118823427,0.257170574287,-223.025891709,0.124700786615
0.087_0.81.sac,-152.013754458,0.23064117206,-223.023850259,0.193774701715
0.087_0.90.sac,-151.284094116,0.195851718721,-225.506946286,0.217136577639
0.087_0.99.sac,-155.112254142,0.168258861708,-227.309751216,0.379409397176
0.087_0.sac,-152.34595852,0.112268584681,-225.118964498,0.255295462623
0.087_1.08.sac,-159.432852411,0.16709141414,-265.010390386,0.314975516178
0.087_1.17.sac,-226.067457033,0.256925647843,-316.301746513,0.273697546985
0.087_1.26.sac,-110.136181504,0.325141509907,-227.542501634,0.304195120522
0.087_1.35.sac,-155.522082356,0.26011974174,-259.806200513,0.263598234093
0.087_1.44.sac,-103.555549751,0.207868231256,-226.617597591,0.326539598413
0.087_1.53.sac,-156.326136819,0.178603506204,-227.065461474,0.244871950518
0.087_1.62.sac,-100.830816084,0.198001958569,-228.345717072,0.282956210821
0.087_1.71.sac,-93.7277265464,0.252829363408,-287.366477819,0.38446074872
0.087_1.80.sac,-58.2490305353,0.349833000597,-156.282876653,0.123830038623
0.087_1.89.sac,-155.046465649,0.179419475723,-228.500237983,0.223457088887
0.087_1.98.sac,-154.744131023,0.180351335032,-229.135337217,0.130538141785
0.087_2.07.sac,-153.919394325,0.171854330838,-229.679315834,0.114713571428
0.087_2.16.sac,-152.513807909,0.157865616267,-224.843811075,0.247712142068
0.087_2.25.sac,-157.198243745,0.407291001945,-227.334893215,0.494275128673
0.087_2.34.sac,-157.544279416,0.160595986612,-228.838296717,0.220082446919
0.087_2.43.sac,-231.290072576,0.218401312282,-320.959860706,0.177356205633
0.087_2.52.sac,-155.382243418,0.293945952596,-231.969829787,0.259929924997
0.087_2.61.sac,-157.870066615,0.196412253734,-231.68233078,0.0782516345707
0.087_2.70.sac,-158.197582431,0.234175084565,-230.883737842,0.222750515427
0.087_2.79.sac,-157.568601801,0.268941200673,-229.867162094,0.261250036345
0.087_2.88.sac,-66.6274046525,0.6974096765,-281.335875633,0.354737345652
0.087_2.97.sac,-155.841401847,0.202251022355,-230.324333097,0.194774255309
0.087_3.06.sac,-189.444620607,0.582373296526,-229.691457983,0.307932017872
0.087_3.15.sac,-159.34789228,0.123719977596,-228.574981787,0.178032598978
0.087_3.24.sac,-157.85753232,0.133975271875,-228.77607613,0.235111618484
0.087_3.33.sac,-157.160801357,0.158129211827,-228.111903867,0.200841960868
0.087_3.42.sac,-157.409469294,0.222191727501,-228.473333935,0.198905301181
0.087_3.51.sac,-157.634484385,0.106152729997,-228.274481547,0.230556184203
0.087_3.60.sac,-187.932430316,0.149424237368,-228.237126807,0.287890810089
0.087_3.69.sac,-158.062897084,0.191303451745,-227.016211324,0.168697912457
0.087_3.78.sac,-156.312005666,0.172007883244,-227.954872352,0.183651218538
0.087_3.87.sac,-156.836605091,0.163857162123,-227.134072858,0.183966275676
0.087_3.96.sac,-157.567758798,0.143788680465,-227.136657283,0.18685484247
0.087_4.05.sac,-158.229295979,0.121661221796,-228.65103664,0.153565687361
0.087_4.14.sac,-50.6249956332,0.40770418783,-227.846315406,0.137594150994
0.087_4.23.sac,-158.042947214,0.172972494949,-227.401966953,0.220640075037
0.087_4.32.sac,-104.636550451,0.199167396088,-310.335478257,0.241078562447
0.087_4.41.sac,-155.154029048,0.231282390786,-226.407260247,0.264432544688
0.087_4.50.sac,-116.951787338,0.211117886072,-228.225064305,0.183760982476
0.087_4.59.sac,-155.930575963,0.184327227377,-227.420991001,0.358831088335
0.087_4.68.sac,-152.003320923,0.148179030136,-227.218255361,0.231368685769
0.087_4.77.sac,-228.043747567,0.238496235911,-277.992411739,0.229188804121
0.087_4.86.sac,-155.704684195,0.257343577875,-228.080579017,0.248343333915
0.087_4.95.sac,-155.606494088,0.207246299548,-227.711301426,0.206309291601
0.087_5.04.sac,-158.694018996,0.342059583117,-227.092535194,0.294289302786
0.087_5.13.sac,-158.801203924,0.186518756028,-229.139677651,0.18945545868
0.087_5.22.sac,-160.891416421,0.173948289995,-230.36605289,0.234842631805
0.087_5.31.sac,-110.095899792,0.152206411958,-229.94299209,0.234505475361
0.087_5.40.sac,-226.334303689,0.279236028238,-313.876702012,0.382022371921
0.087_5.49.sac,-154.996163391,0.249165854361,-227.255645068,0.261497440827
0.087_5.58.sac,-156.546401844,0.189292158821,-229.196569627,0.269826873498
0.087_5.67.sac,-156.781264731,0.235730095292,-228.661969542,0.253360203735
0.087_5.76.sac,-155.922509747,0.234939402846,-228.218007939,0.254716949722
0.087_5.85.sac,-155.097984394,0.182030761765,-227.203084919,0.0852385766601
0.087_5.94.sac,-156.814109696,0.17472718752,-227.957734407,0.262732869778
0.087_6.03.sac,-156.231657286,0.160502562234,-226.993963453,0.396668901196
0.174_0.09.sac,-159.160300604,0.27150542786,-230.089670737,0.373980438199
0.174_0.18.sac,-158.089378816,0.183973356248,-228.857038809,0.322899040244
0.174_0.27.sac,-155.318521837,0.349153652111,-227.925499192,0.254219895374
0.174_0.36.sac,-153.473510687,0.313192028822,-227.167769537,0.322110665786
0.174_0.45.sac,-159.365299848,0.222776767654,-227.917190964,0.30636584015
0.174_0.54.sac,-71.9125440604,0.320978074722,-228.617520634,0.186832764469
0.174_0.63.sac,-61.2715903161,0.239597358713,-225.735486083,0.351841747848
0.174_0.72.sac,-152.616372272,0.267343619316,-221.661508376,0.163897752863
0.174_0.81.sac,-153.249913746,0.145292235858,-222.711056043,0.251884367857
0.174_0.90.sac,-151.655160093,0.265653286882,-224.634758483,0.230578314639
0.174_0.99.sac,-152.775929218,0.256659990718,-228.056882381,0.213798152436
0.174_0.sac,-151.939769175,0.13895209429,-229.141083157,0.17599172505
0.174_1.08.sac,-197.945194478,0.237666948662,-230.207246062,0.0928476853097
0.174_1.17.sac,-162.011774145,0.290756151787,-317.716917997,0.251769569949
0.174_1.26.sac,-228.346526461,0.175368165986,-319.451602545,0.202425253488
0.174_1.35.sac,-159.893465153,0.251265652301,-229.148093873,0.370899012975
0.174_1.44.sac,-156.786086609,0.317428374178,-281.85691453,0.303285840406
0.174_1.53.sac,-67.9453601281,0.144575878685,-155.3144945,0.75773353763
0.174_1.62.sac,-46.0429259237,0.493301236345,-186.430237261,0.259889523737
0.174_1.71.sac,-46.7665182461,0.700883041862,-185.444798408,0.272502333278
0.174_1.80.sac,-157.13729797,0.172787252348,-227.693480696,0.328051690608
0.174_1.89.sac,-156.044543337,0.169069118882,-227.627497955,0.238748851044
0.174_1.98.sac,-154.33019924,0.124875298998,-228.818671278,0.171976139453
0.174_2.07.sac,-153.141661807,0.248088135242,-228.63844826,0.2566839033
0.174_2.16.sac,-153.788701487,0.30745494354,-320.281744943,0.412572593843
0.174_2.25.sac,-184.748215957,0.273145381915,-229.431612786,0.221931730422
0.174_2.34.sac,-158.257757291,0.229795882676,-229.300851378,0.162884762373
0.174_2.43.sac,-156.235608263,0.341894696562,-272.494235823,0.363843650451
0.174_2.52.sac,-159.035533992,0.240966136499,-233.007014377,0.27345656709
0.174_2.61.sac,-159.748995681,0.319866499707,-235.747869478,0.318465588281
0.174_2.70.sac,-159.248898562,0.295527173494,-232.712354203,0.34415659644
0.174_2.79.sac,-100.104842131,0.240458026228,-159.472923433,0.247777915382
0.174_2.88.sac,-157.932400869,0.226200631807,-197.681870767,0.315712456
0.174_2.97.sac,-196.874207802,0.177587709488,-230.491569555,0.224325055969
0.174_3.06.sac,-161.127195346,0.114293781282,-228.294742934,0.311843294087
0.174_3.15.sac,-159.87647592,0.228934857933,-229.365592296,0.264735210052
0.174_3.24.sac,-157.784934097,0.223720815148,-228.009051444,0.205793181045
0.174_3.33.sac,-157.650623168,0.335691013222,-227.971688542,0.265852226123
0.174_3.42.sac,-156.783623516,0.214819235549,-226.629635995,0.252983698446
0.174_3.51.sac,-158.009104049,0.15392178368,-226.041914823,0.198188097097
0.174_3.60.sac,-187.968674922,0.318238220239,-228.064626258,0.242921217814
0.174_3.69.sac,-187.108371022,0.167643398789,-227.876963548,0.214311044706
0.174_3.78.sac,-158.817774211,0.286270834312,-227.478594697,0.169444350061
0.174_3.87.sac,-158.250828729,0.163409598802,-271.90280506,0.244537716835
0.174_3.96.sac,-158.058588706,0.210927113086,-228.733991195,0.199280375089
0.174_4.05.sac,-159.003275609,0.165360328065,-227.955997509,0.211299685542
0.174_4.14.sac,-158.057800341,0.244673229581,-226.681851254,0.273164368206
0.174_4.23.sac,-156.594162447,0.225674643067,-226.167544057,0.245448594635
0.174_4.32.sac,-155.980899157,0.252147397938,-225.48623279,0.247298902066
0.174_4.41.sac,-157.4894787,0.195022277367,-227.543229014,0.158038776498
0.174_4.50.sac,-158.229697496,0.214869855083,-228.518436176,0.161875045151
0.174_4.59.sac,-156.653250555,0.318234135149,-192.601935899,0.134843398751
0.174_4.68.sac,-155.90789034,0.22728896136,-228.061712221,0.345997653913
0.174_4.77.sac,-157.971546915,0.279526324274,-229.282946538,0.257592259195
0.174_4.86.sac,-52.6231677695,0.235076585033,-155.475818215,0.226580375456
0.174_4.95.sac,-51.800165245,0.248936496281,-226.971579379,0.339356231418
0.174_5.04.sac,-129.07305451,0.260619605685,-156.431383042,0.300499104288
0.174_5.13.sac,-106.545308107,0.109929660313,-155.540859553,0.117058936088
0.174_5.22.sac,-107.324940137,0.153599314702,-226.861198444,0.169317503234
0.174_5.31.sac,-108.478169244,0.235901303057,-228.44105682,0.269944229357
0.174_5.40.sac,-155.890067642,0.18853285719,-226.010513087,0.246033374067
0.174_5.49.sac,-155.773941093,0.311389816735,-227.105909395,0.210956071464
0.174_5.58.sac,-155.346028686,0.233136887472,-228.029180776,0.174938548058
0.174_5.67.sac,-157.308345476,0.231745947008,-227.685242815,0.189213129147
0.261_0.10.sac,-159.493035098,0.269357645915,-228.571818039,0.248510879368
0.261_0.20.sac,-157.251846964,0.156983193725,-228.322368586,0.305094967901
0.261_0.30.sac,-154.55587644,0.241379104652,-227.580009104,0.296017538765
0.261_0.40.sac,-154.86451007,0.338120307539,-227.901693299,0.22099834235
0.261_0.50.sac,-48.5439031736,0.377389443998,-230.073243917,0.186718581877
0.261_0.60.sac,-50.0241462911,0.675170088683,-102.87402162,0.102521926781
0.261_0.70.sac,-149.697161769,0.159652563353,-223.397169507,0.371071611067
0.261_0.80.sac,-222.482699831,0.357098139895,-280.05648784,0.149037860928
0.261_0.90.sac,-223.02057699,0.292326810672,-279.42826458,0.365413437621
0.261_0.sac,-118.281032672,0.301447684508,-156.727725041,0.227768248366
0.261_1.00.sac,-109.334107517,0.27898575824,-153.501710231,0.183855694925
0.261_1.10.sac,-153.704875418,0.154676486235,-222.974726823,0.250235110802
0.261_1.20.sac,-117.491037626,0.361432526228,-297.154808915,0.204405668379
0.261_1.30.sac,-159.507783963,0.0836630263039,-227.873809026,0.224230457588
0.261_1.40.sac,-158.968067044,0.136527291622,-247.505615321,0.293227567983
0.261_1.50.sac,-69.1155063758,0.205094069818,-195.033377474,0.199046550856
0.261_1.60.sac,-185.855442605,0.212662489118,-294.593875076,0.358592753457
0.261_1.70.sac,-90.6318563503,0.190717251646,-186.363282225,0.241383105447
0.261_1.80.sac,-159.326412879,0.252396716666,-229.023879793,0.309390423237
0.261_1.90.sac,-157.851369529,0.14891869103,-228.167874759,0.236952208593
0.261_2.00.sac,-227.87422795,0.155996327081,-263.484429319,0.242584847227
0.261_2.10.sac,-153.577081735,0.129213559968,-228.319274072,0.282806677065
0.261_2.20.sac,-154.477499372,0.222291335006,-304.120810987,0.334090795916
0.261_2.30.sac,-155.481036332,0.236871306156,-230.118248446,0.247197483251
0.261_2.40.sac,-155.29162091,0.253090423008,-231.120497676,0.302780965164
0.261_2.50.sac,-157.568443337,0.185818304413,-232.981550836,0.306203574985
0.261_2.60.sac,-158.401256818,0.246590915882,-233.753586556,0.311138599406
0.261_2.70.sac,-157.203461199,0.33097502092,-233.758105134,0.205846970375
0.261_2.80.sac,-160.429698578,0.272456585968,-315.597555807,0.300471012461
0.261_2.90.sac,-157.877633264,0.287131476458,-230.235692773,0.357298338788
0.261_3.00.sac,-227.173775257,0.211678660366,-329.321436245,0.125656312939
0.261_3.10.sac,-157.72166261,0.0925462723455,-228.098105431,0.276510229998
0.261_3.20.sac,-158.374281293,0.155138145252,-227.732256351,0.209156581298
0.261_3.30.sac,-108.207980869,0.272437615555,-227.720714773,0.302397312964
0.261_3.40.sac,-158.293880726,0.289279442158,-227.153102519,0.270811932073
0.261_3.50.sac,-157.466188982,0.21792685569,-227.991456964,0.191022958715
0.261_3.60.sac,-157.186126269,0.144752356317,-298.58606549,0.291194667953
0.261_3.70.sac,-158.017868601,0.172812213116,-226.574637835,0.15492444164
0.261_3.80.sac,-158.7380369,0.216678481291,-225.908932734,0.128798583554
0.261_3.90.sac,-51.8598126258,0.467713866039,-230.74448622,0.22233594915
0.261_4.00.sac,-158.340204589,0.104545039206,-228.221909858,0.175898407449
0.261_4.10.sac,-158.914414405,0.122097790481,-226.673102975,0.203031818757
0.261_4.20.sac,-156.797508154,0.28568792921,-225.421933218,0.185782184713
0.261_4.30.sac,-156.180065706,0.182389155941,-226.596144389,0.3125249775
0.261_4.40.sac,-156.721507129,0.157719563052,-227.844451506,0.269552208043
0.261_4.50.sac,-159.616964412,0.146195614422,-228.294665433,0.146274680361
0.261_4.60.sac,-53.7535709211,0.513341820492,-157.335283078,0.138035929459
0.261_4.70.sac,-94.866642863,0.296288027201,-157.285599478,0.18117018236
0.261_4.80.sac,-94.7452727742,0.222059050168,-159.359643721,0.161404501061
0.261_4.90.sac,-98.5281662538,0.163035687791,-307.768881475,0.250105445055
0.261_5.00.sac,-153.934931762,0.0769188077144,-303.811599734,0.199281091057
0.261_5.10.sac,-152.633488941,0.109379811484,-225.979914724,0.211150319966
0.261_5.20.sac,-62.6273248641,0.158392856446,-222.80034385,0.365925395353
0.261_5.30.sac,-106.985656066,0.276578047933,-229.836095185,0.280133808888
0.261_5.40.sac,-158.860931137,0.301012325596,-228.711661347,0.301326015273
0.261_5.50.sac,-42.7467213229,0.606561025827,-228.027165776,0.226115652042
0.261_5.60.sac,-157.145687076,0.134480966377,-227.597393878,0.214574682548
0.261_5.70.sac,-156.760816644,0.250175410373,-226.84319971,0.208501567553
0.261_5.80.sac,-155.14691268,0.181828554393,-226.864156304,0.198231616354
0.261_5.90.sac,-51.1858191245,0.84808488758,-154.613919086,0.121212655844
0.348_0.11.sac,-156.456663574,0.151363041909,-224.639075238,0.293594639422
0.348_0.22.sac,-156.478790194,0.24040955538,-279.46264183,0.260027856957
0.348_0.33.sac,-153.817335235,0.276618800761,-227.769161621,0.215377433425
0.348_0.44.sac,-230.728783306,0.270573987375,-321.499440171,0.233697813869
0.348_0.55.sac,-103.961315737,0.252289294549,-157.169829935,0.200985297413
0.348_0.66.sac,-154.75343835,0.323182931731,-249.091771175,0.377231193729
0.348_0.77.sac,-150.670192594,0.327222233747,-223.648369711,0.218235652059
0.348_0.88.sac,-150.419154647,0.293506332607,-224.122015984,0.161673972772
0.348_0.99.sac,-153.514655965,0.337616228213,-223.735541065,0.323908817798
0.348_0.sac,-180.058574089,0.448002936237,-226.104166475,0.235856040592
0.348_1.10.sac,-125.824412474,0.345412755958,-223.077181643,0.453101623954
0.348_1.21.sac,-115.012694215,0.201786532253,-168.911631858,0.192519441137
0.348_1.32.sac,-193.548955729,0.270589950083,-227.138431587,0.156135289878
0.348_1.43.sac,-114.456688535,0.245171615345,-256.669528393,0.243579714096
0.348_1.54.sac,-95.7715887796,0.203969588914,-291.381981688,0.123701030185
0.348_1.65.sac,-102.757506498,0.464649982999,-187.166578552,0.181247755368
0.348_1.76.sac,-155.865519693,0.157304545666,-232.23889584,0.250414412337
0.348_1.87.sac,-192.444958292,0.182713643305,-278.953440429,0.334623440439
0.348_1.98.sac,-52.4716589249,0.666493487226,-229.271757111,0.281370783304
0.348_2.09.sac,-154.292282564,0.0971551748695,-228.283902918,0.352736836776
0.348_2.20.sac,-154.58329011,0.197710343123,-229.390314771,0.264483037679
0.348_2.31.sac,-155.743648564,0.204612328669,-230.694338627,0.245933639418
0.348_2.42.sac,-155.162475641,0.190844262785,-233.584918591,0.256980530498
0.348_2.53.sac,-156.680404297,0.217218384103,-233.592103067,0.357761592895
0.348_2.64.sac,-108.444699147,0.168073126513,-321.426431867,0.223896303387
0.348_2.75.sac,-156.956477489,0.28991806892,-274.318974891,0.251939609644
0.348_2.86.sac,-65.2555443166,0.373500236602,-157.95091211,0.187120408952
0.348_2.97.sac,-129.312048338,0.219513130514,-228.084346696,0.166166298989
0.348_3.08.sac,-157.326891016,0.18006607808,-228.630220566,0.19063642741
0.348_3.19.sac,-230.116852458,0.248698309206,-274.5446762,0.197810556532
0.348_3.30.sac,-159.979827632,0.25548178845,-273.849372934,0.399018096633
0.348_3.41.sac,-158.332696365,0.265021989036,-227.322925532,0.223518295939
0.348_3.52.sac,-157.826369555,0.14299896699,-225.448379925,0.213828523914
0.348_3.63.sac,-158.112630832,0.156726235978,-227.790233909,0.142960607662
0.348_3.74.sac,-158.044321058,0.148382078411,-227.170734495,0.145535206895
0.348_3.85.sac,-56.955768871,0.52505182414,-226.220976858,0.218886735211
0.348_3.96.sac,-159.557238081,0.327221543213,-227.824603477,0.408721962632
0.348_4.07.sac,-158.27833148,0.140614446065,-228.027208287,0.325414266308
0.348_4.18.sac,-157.649152576,0.202916922441,-226.406451665,0.222184852453
0.348_4.29.sac,-156.539769485,0.150095181383,-225.913178398,0.212966421569
0.348_4.40.sac,-49.4198386992,0.437967829187,-225.653957916,0.21582331351
0.348_4.51.sac,-156.626319597,0.145440935368,-306.345065872,0.410498936007
0.348_4.62.sac,-156.560356118,0.157590447829,-253.62069283,0.179800403741
0.348_4.73.sac,-155.380148613,0.23187367849,-224.727429337,0.249185008632
0.348_4.84.sac,-51.4847123044,0.823342318011,-225.363946793,0.228166165239
0.348_4.95.sac,-156.763299683,0.291950005146,-270.258143197,0.367099431649
0.348_5.06.sac,-225.256871457,0.160247301685,-271.357963778,0.306771388509
0.348_5.17.sac,-226.777034362,0.26695017451,-308.550179396,0.221343976725
0.348_5.28.sac,-117.067172031,0.252760903925,-225.401539658,0.218976733713
0.348_5.39.sac,-160.033507521,0.151400861085,-230.350009365,0.279626240896
0.348_5.50.sac,-43.5752653077,0.416559867965,-228.133074308,0.253513803425
0.348_5.61.sac,-157.944545709,0.214616714879,-228.054060397,0.28061538602
0.348_5.72.sac,-157.208336264,0.246450692471,-228.173135253,0.244323150617
0.348_5.83.sac,-155.48318044,0.178778389137,-227.046522347,0.192578953789
0.348_5.94.sac,-46.8713752479,0.430529707232,-225.20190449,0.319622845299
0.348_6.05.sac,-153.031239061,0.155147108472,-225.968781291,0.213819660583
0.436_0.12.sac,-45.7073403158,0.663438951066,-222.71256567,0.220354831154
0.436_0.24.sac,-157.591591708,0.45693280033,-329.974672371,0.158740285711
0.436_0.36.sac,-64.2418259516,0.226555090873,-228.078488371,0.224998599887
0.436_0.48.sac,-198.07701301,0.295035565595,-232.710231218,0.185043881117
0.436_0.60.sac,-157.670792566,0.139247152994,-228.075581339,0.161893174675
0.436_0.72.sac,-58.1433722905,0.50706852164,-151.489378924,0.0969825123283
0.436_0.84.sac,-151.135758795,0.194911993101,-224.965743977,0.263201265783
0.436_0.96.sac,-154.356764578,0.354103051661,-228.845304213,0.288933987882
0.436_0.sac,-53.453055883,0.544712238007,-223.57063479,0.275228182882
0.436_1.08.sac,-162.597333878,0.199993173949,-282.763162534,0.42864524489
0.436_1.20.sac,-171.431483233,0.3572388386,-223.841158636,0.189723592898
0.436_1.32.sac,-85.1787595961,0.145103591113,-157.975576758,0.159060943336
0.436_1.44.sac,-156.043983126,0.200841939612,-309.770159912,0.234949253622
0.436_1.56.sac,-113.760821722,0.259930966921,-286.753135096,0.216317212076
0.436_1.68.sac,-157.346601898,0.325184895411,-303.050560137,0.21653507287
0.436_1.80.sac,-158.034279635,0.347918583476,-229.971995578,0.191885002906
0.436_1.92.sac,-158.407383603,0.146022946641,-229.708347395,0.289967505723
0.436_2.04.sac,-157.819751345,0.196615198973,-229.750069859,0.231630611719
0.436_2.16.sac,-153.834975159,0.227763875181,-230.004009082,0.156675736355
0.436_2.28.sac,-156.57707168,0.189564894106,-230.891180437,0.203504770051
0.436_2.40.sac,-155.849640724,0.225227186031,-233.043393255,0.19662881162
0.436_2.52.sac,-58.2367664062,0.320620207948,-228.217074923,0.276948843007
0.436_2.64.sac,-204.708962339,0.176693753072,-314.365129429,0.309344821488
0.436_2.76.sac,-97.6770737446,0.564140392259,-230.121915526,0.248338854676
0.436_2.88.sac,-155.596684623,0.155251013388,-228.103040317,0.310959955992
0.436_3.00.sac,-158.4310547,0.247192860792,-228.563334284,0.16457562948
0.436_3.12.sac,-158.284851737,0.228992474273,-228.941984465,0.169664140868
0.436_3.24.sac,-159.545546812,0.187196164335,-228.431762541,0.15741152
0.436_3.36.sac,-158.04753067,0.209268545644,-226.812535267,0.20087117039
0.436_3.48.sac,-158.409160336,0.192845891357,-227.193895888,0.320966047268
0.436_3.60.sac,-158.638255689,0.136713988717,-226.855105896,0.176860364674
0.436_3.72.sac,-158.155430294,0.297932471318,-321.2902939,0.220536823571
0.436_3.84.sac,-159.770117345,0.160903361219,-227.9422052,0.190391962595
0.436_3.96.sac,-159.968366839,0.22133534446,-227.565830676,0.210335646809
0.436_4.08.sac,-57.7323893361,0.23018106535,-156.092433596,0.145867568338
0.436_4.20.sac,-157.615581826,0.256506330907,-226.256531621,0.205343396386
0.436_4.32.sac,-157.026513066,0.162393420175,-224.54792818,0.291080230776
0.436_4.44.sac,-154.847913876,0.219374501866,-226.052819832,0.209105714718
0.436_4.56.sac,-74.3535776632,0.426361954413,-147.838695329,0.280469099878
0.436_4.68.sac,-148.782886107,0.220977905936,-225.337317506,0.21765957714
0.436_4.80.sac,-155.741754804,0.11479998201,-225.700925709,0.123034980077
0.436_4.92.sac,-75.5777484171,0.257089459362,-225.631596222,0.145274919969
0.436_5.04.sac,-226.0787329,0.183004016489,-321.856822089,0.274806715223
0.436_5.16.sac,-156.985842059,0.114592298089,-226.852799306,0.19016390703
0.436_5.28.sac,-157.88134066,0.204590022399,-225.969223883,0.281674135634
0.436_5.40.sac,-59.2027043306,0.457870386247,-158.829143655,0.144275909954
0.436_5.52.sac,-159.241636531,0.142185138122,-225.114445378,0.220418319592
0.436_5.64.sac,-160.980813401,0.145382685726,-228.904396615,0.247891182822
0.436_5.76.sac,-156.844128702,0.145168690615,-227.610757758,0.177560974773
0.436_5.88.sac,-156.101231285,0.143480260118,-226.409712348,0.21081609346
0.436_6.00.sac,-155.314478734,0.194261291898,-224.995789452,0.185196905446
0.436_6.12.sac,-250.75565295,0.368731908658,-311.550243145,0.363022670564
0.523_0.13.sac,-44.218560108,0.469278268417,-225.487899118,0.174786935182
0.523_0.26.sac,-42.2493243142,0.705265857535,-183.960065038,0.234802561383
0.523_0.39.sac,-160.047612038,0.147053489461,-231.75047065,0.21402372468
0.523_0.52.sac,-156.279478863,0.233339161122,-229.977889909,0.213945363472
0.523_0.65.sac,-47.8420895265,0.428620155291,-155.106330889,0.194028507138
0.523_0.78.sac,-56.5181761708,0.258160325117,-152.344860739,0.176059055721
0.523_0.91.sac,-155.272250141,0.153490091266,-228.04713484,0.221068573689
0.523_0.sac,-225.920277731,0.218720657869,-270.419841817,0.244139908604
0.523_1.04.sac,-156.592444891,0.169173269733,-229.127201816,0.302057229773
0.523_1.17.sac,-163.967291296,0.292969858391,-230.84033387,0.299337514765
0.523_1.30.sac,-156.524650637,0.251697518116,-229.022877346,0.2133506919
0.523_1.43.sac,-154.784707106,0.195901732519,-308.789345262,0.328711907238
0.523_1.56.sac,-63.8430390956,0.226964829926,-154.057102163,0.245914027568
0.523_1.69.sac,-156.69514557,0.358366671806,-273.367026024,0.205617799967
0.523_1.82.sac,-55.9298218217,0.768458715468,-156.220481586,0.172562122837
0.523_1.95.sac,-156.715237458,0.379667752386,-233.756145942,0.229667428808
0.523_2.08.sac,-157.014125402,0.233519984335,-233.156873358,0.137291334041
0.523_2.21.sac,-157.472935603,0.285334501784,-231.797719208,0.322955707977
0.523_2.34.sac,-157.295629887,0.278923039541,-232.173069049,0.271021834953
0.523_2.47.sac,-57.2706555663,0.43538867863,-229.594165676,0.231091503869
0.523_2.60.sac,-183.056708656,0.261648115301,-229.325952549,0.190941672009
0.523_2.73.sac,-127.409520833,0.188435808483,-155.879063643,0.36525540127
0.523_2.86.sac,-156.520847987,0.216802379151,-227.116830978,0.274994924971
0.523_2.99.sac,-157.818685599,0.117334495488,-228.781592635,0.183976524144
0.523_3.12.sac,-158.782838687,0.214976218333,-228.463569004,0.257861523136
0.523_3.25.sac,-159.226610366,0.154966252861,-228.276015613,0.271514603662
0.523_3.38.sac,-158.443169245,0.267800780315,-227.48917609,0.213151384221
0.523_3.51.sac,-157.802539415,0.138374886063,-227.490007698,0.222018738132
0.523_3.64.sac,-157.619109822,0.180269038564,-227.025752764,0.251760555172
0.523_3.77.sac,-158.359149073,0.16758925913,-227.850141409,0.201010946076
0.523_3.90.sac,-159.491041114,0.228492829279,-227.201066858,0.270452046754
0.523_4.03.sac,-160.095222628,0.131560991234,-228.546590613,0.338505178204
0.523_4.16.sac,-158.099704754,0.120496974228,-227.32761065,0.270813632029
0.523_4.29.sac,-157.117546262,0.228258304048,-228.073023661,0.148861147993
0.523_4.42.sac,-225.732629759,0.182120895103,-327.496631101,0.184152845401
0.523_4.55.sac,-157.465962804,0.16408155356,-286.159942695,0.179046721019
0.523_4.68.sac,-281.961445204,0.182055758165,-318.31130207,0.185364817866
0.523_4.81.sac,-157.213614337,0.149349902512,-229.19970134,0.135863904319
0.523_4.94.sac,-187.002222519,0.193973876818,-263.873843525,0.240315397343
0.523_5.07.sac,-155.380335988,0.158499264454,-227.015294594,0.168807576865
0.523_5.20.sac,-156.822263356,0.198373979534,-226.679272513,0.267253876785
0.523_5.33.sac,-157.476391026,0.203576598848,-275.20864551,0.388730323283
0.523_5.46.sac,-157.948143012,0.210562396521,-225.466775038,0.246271305233
0.523_5.59.sac,-156.639014047,0.228784330686,-227.296884888,0.228520808415
0.523_5.72.sac,-155.715807866,0.245926299313,-225.618407738,0.288116443359
0.523_5.85.sac,-154.993984032,0.245585751665,-227.530606474,0.207413859412
0.523_5.98.sac,-154.14060125,0.24948329489,-224.36443108,0.240625853362
0.523_6.11.sac,-55.5034810009,0.245956646635,-155.029297535,0.270474545841
0.610_0.14.sac,-53.6679690687,0.43905217225,-156.229544772,0.228163834638
0.610_0.28.sac,-154.177820916,0.189086636913,-185.998821911,0.245671715742
0.610_0.42.sac,-192.133634179,0.217873711387,-230.247077466,0.231123538099
0.610_0.56.sac,-155.535501155,0.176340964976,-229.235365494,0.224904005856
0.610_0.70.sac,-155.819001144,0.1390809269,-278.390912448,0.132079894969
0.610_0.84.sac,-159.201765713,0.224490547382,-230.829372956,0.166265885584
0.610_0.98.sac,-62.3215625987,0.275200636969,-229.869821096,0.266837517051
0.610_0.sac,-155.733150088,0.295247078943,-227.248965063,0.131129118506
0.610_1.12.sac,-103.011056908,0.345803252021,-228.83966326,0.346768921318
0.610_1.26.sac,-156.61785826,0.235822453702,-280.908275483,0.275980627767
0.610_1.40.sac,-154.96749078,0.278762848664,-228.955670902,0.219686338676
0.610_1.54.sac,-154.552171764,0.169473058281,-227.795937912,0.193568210965
0.610_1.68.sac,-156.888772119,0.136842906737,-274.682659493,0.169316737115
0.610_1.82.sac,-157.781670815,0.108524493606,-190.703456447,0.256228764141
0.610_1.96.sac,-157.820579892,0.297813908534,-229.496343618,0.259870384402
0.610_2.10.sac,-157.166069445,0.2184558401,-230.837177228,0.192260998633
0.610_2.24.sac,-113.837534522,0.139411900519,-230.971561525,0.161449274195
0.610_2.38.sac,-115.273045722,0.12764470276,-228.438761305,0.206852903946
0.610_2.52.sac,-157.847450966,0.143966400982,-229.881484195,0.170013092439
0.610_2.66.sac,-156.839292887,0.223578835206,-324.153698108,0.324075277468
0.610_2.80.sac,-158.282784931,0.250185665779,-226.761261914,0.146743272504
0.610_2.94.sac,-157.461210818,0.193377929575,-228.006623459,0.177512882427
0.610_3.08.sac,-158.348448128,0.283934007754,-228.567888785,0.185460644251
0.610_3.22.sac,-158.134947791,0.227280471462,-228.604058053,0.200674131876
0.610_3.36.sac,-157.831424421,0.192866088901,-228.901147289,0.184274477625
0.610_3.50.sac,-54.1181985454,0.834212108023,-227.609368899,0.168301772969
0.610_3.64.sac,-231.034731535,0.27260779097,-278.749445455,0.265268899686
0.610_3.78.sac,-158.601140326,0.14479998017,-324.088232177,0.309777060481
0.610_3.92.sac,-160.350181895,0.208905257147,-225.996659294,0.282806931213
0.610_4.06.sac,-159.248679075,0.156528713362,-228.355193615,0.228513213242
0.610_4.20.sac,-157.96628941,0.222841421574,-227.685683853,0.228806703888
0.610_4.34.sac,-157.471509569,0.250842518415,-227.850490055,0.189468052045
0.610_4.48.sac,-155.906128948,0.130739761587,-225.84761527,0.585159443803
0.610_4.62.sac,-102.706862988,0.199021497094,-156.553688268,0.176760709123
0.610_4.76.sac,-43.1914449058,0.396231297552,-229.88460104,0.197143328587
0.610_4.90.sac,-156.161027554,0.220440927487,-228.112315129,0.149295493287
0.610_5.04.sac,-154.938330929,0.30898308107,-225.862633402,0.336267736134
0.610_5.18.sac,-71.1876141848,0.365798988761,-159.085722276,0.153324563243
0.610_5.32.sac,-157.197175992,0.132737842589,-331.575590466,0.216065777573
0.610_5.46.sac,-152.53761652,0.31011531032,-223.596990714,0.225328589851
0.610_5.60.sac,-157.498147097,0.251377901957,-263.309779414,0.311531867186
0.610_5.74.sac,-123.328277117,0.152970123351,-156.331771159,0.14823604809
0.610_5.88.sac,-153.780173109,0.248211263754,-226.939598185,0.268176299542
0.610_6.02.sac,-153.544888183,0.211228300361,-225.249956852,0.271554378321
0.697_0.15.sac,-157.003459126,0.293738095646,-230.601198671,0.247013615453
0.697_0.30.sac,-186.275605957,0.214499926787,-229.98216589,0.229091723032
0.697_0.45.sac,-46.5377216576,0.405558706876,-229.937594786,0.248264087922
0.697_0.60.sac,-131.911298642,0.141965390831,-228.538156117,0.333912404104
0.697_0.75.sac,-103.498424367,0.157708241334,-157.363675114,0.141680206618
0.697_0.90.sac,-160.843644729,0.160519450324,-321.259341095,0.29983377543
0.697_0.sac,-156.183966962,0.273222819122,-229.663526504,0.315175267233
0.697_1.05.sac,-102.455693436,0.122219743824,-178.761731944,0.332021332151
0.697_1.20.sac,-228.644951967,0.247834645705,-275.167534119,0.246229354088
0.697_1.35.sac,-155.341425082,0.217659826126,-229.063894299,0.257573478475
0.697_1.50.sac,-155.848579428,0.180289559405,-228.209907997,0.228004703326
0.697_1.65.sac,-156.651230755,0.206353297905,-229.134158625,0.243215874
0.697_1.80.sac,-157.014501369,0.128951705749,-225.840265595,0.104449031551
0.697_1.95.sac,-157.276707789,0.0909462325993,-228.614546799,0.0936142188434
0.697_2.10.sac,-156.808397672,0.270473517494,-229.33586107,0.259675197595
0.697_2.25.sac,-156.668514872,0.152919057576,-228.854928667,0.202044692827
0.697_2.40.sac,-227.116754572,0.205275790872,-276.184499106,0.354619724245
0.697_2.55.sac,-157.496457484,0.221575667069,-227.474744398,0.159807994076
0.697_2.70.sac,-157.797138989,0.219891184673,-228.100728686,0.203818545634
0.697_2.85.sac,-157.731410063,0.190657778829,-227.73100659,0.158919278222
0.697_3.00.sac,-157.567960649,0.129776502941,-227.381692214,0.177876824576
0.697_3.15.sac,-157.183695873,0.169043273325,-228.386232713,0.145819370576
0.697_3.30.sac,-157.900938114,0.141958637532,-228.847079972,0.151038070312
0.697_3.45.sac,-157.362710338,0.177088711584,-227.120722164,0.185583917386
0.697_3.60.sac,-157.482273643,0.0973780807296,-227.569612594,0.368029403316
0.697_3.75.sac,-158.798007177,0.143666788618,-226.562658565,0.323246638489
0.697_3.90.sac,-161.160981186,0.179037599398,-227.939744138,0.403560004715
0.697_4.05.sac,-158.469169599,0.148780783101,-225.572466491,0.243903837833
0.697_4.20.sac,-226.642880093,0.207011345931,-329.655941674,0.162004401494
0.697_4.35.sac,-113.41006651,0.254693923643,-227.102760011,0.324231524297
0.697_4.50.sac,-155.790705087,0.0929227430762,-227.359194068,0.154733232582
0.697_4.65.sac,-189.06792017,0.238346451314,-228.918064584,0.229029109258
0.697_4.80.sac,-45.0938835537,0.261282663496,-328.681849084,0.371393642894
0.697_4.95.sac,-47.2931925659,0.390717797172,-226.715856932,0.188656639929
0.697_5.10.sac,-68.4459828959,0.363953504655,-161.40336283,0.227433229195
0.697_5.25.sac,-128.18760938,0.371774434469,-157.540181706,0.315304004269
0.697_5.40.sac,-152.34532911,0.255108393316,-224.682158817,0.26735669183
0.697_5.55.sac,-153.79795811,0.082005745814,-225.27000061,0.221158341188
0.697_5.70.sac,-153.951635926,0.114737108689,-225.030645494,0.206599771451
0.697_5.85.sac,-61.6487454372,0.410650501675,-227.258693643,0.28448810702
0.785_0.17.sac,-157.31611433,0.266409588146,-229.878052499,0.244827562757
0.785_0.34.sac,-227.643664948,0.272052993458,-286.684002592,0.297099948744
0.785_0.51.sac,-228.260510822,0.336506827082,-281.531944536,0.200996923381
0.785_0.68.sac,-156.353463035,0.273782524307,-229.692593389,0.263578488415
0.785_0.85.sac,-45.9366115645,0.262817426015,-234.53207084,0.301010364384
0.785_0.sac,-78.2739330256,0.325329570749,-231.034623405,0.264099327749
0.785_1.02.sac,-134.531253232,0.255683404335,-225.98733389,0.39062359314
0.785_1.19.sac,-156.407240458,0.140252082106,-229.415527724,0.485850649527
0.785_1.36.sac,-55.7293832645,0.502832414768,-157.411068505,0.223121381661
0.785_1.53.sac,-157.621685865,0.225879267665,-230.273160768,0.307615451257
0.785_1.70.sac,-53.3103135438,0.251030246216,-227.25474313,0.183495181455
0.785_1.87.sac,-59.8978484481,0.271197112613,-227.217261119,0.318037984623
0.785_2.04.sac,-157.431872749,0.255919921636,-227.498222018,0.264912721181
0.785_2.21.sac,-156.867470792,0.180101970889,-229.915258114,0.240359696529
0.785_2.38.sac,-156.466248312,0.182351019189,-228.176302329,0.238230256876
0.785_2.55.sac,-120.912173501,0.232594613658,-227.17690143,0.142833618296
0.785_2.72.sac,-156.61095465,0.174304992457,-228.09274308,0.154486547468
0.785_2.89.sac,-155.961464438,0.213287942604,-227.539181007,0.158619647036
0.785_3.06.sac,-156.684752112,0.234557047802,-227.763070559,0.181616238739
0.785_3.23.sac,-156.566272543,0.166452759519,-228.004253875,0.139478803028
0.785_3.40.sac,-157.41853692,0.222370152197,-281.058662066,0.325188854111
0.785_3.57.sac,-159.417294855,0.245127856824,-229.242358646,0.36462180881
0.785_3.74.sac,-185.629550503,0.186091470656,-227.688426986,0.305534180357
0.785_3.91.sac,-159.320654482,0.156723332436,-227.565658898,0.399621678032
0.785_4.08.sac,-157.617390871,0.273229829222,-225.196886776,0.270542497972
0.785_4.25.sac,-156.236412908,0.169283867964,-281.41269108,0.317935113398
0.785_4.42.sac,-151.961055305,0.231036238339,-227.746883821,0.28890606619
0.785_4.59.sac,-76.3937806034,0.243146146707,-274.833945401,0.274525636764
0.785_4.76.sac,-75.7937928246,0.185492194602,-158.044741946,0.204789093292
0.785_4.93.sac,-159.936160953,0.295354447229,-227.686575008,0.26139731177
0.785_5.10.sac,-62.3253069283,0.294943635081,-160.752104798,0.252301383433
0.785_5.27.sac,-156.13421478,0.281907739787,-225.940890817,0.136206485096
0.785_5.44.sac,-153.120663441,0.267635391346,-221.484284627,0.194333652427
0.785_5.61.sac,-153.150147451,0.159056968808,-222.544149201,0.207334437321
0.785_5.78.sac,-154.954084974,0.174875721296,-226.192206201,0.245766186712
0.785_5.95.sac,-227.910117259,0.186367331424,-275.499261818,0.240217894457
0.872_0.19.sac,-156.283216946,0.205704944746,-228.548091061,0.260771545591
0.872_0.38.sac,-154.817491667,0.218503258889,-226.80920837,0.231354621626
0.872_0.57.sac,-227.378194044,0.225945449589,-276.625654684,0.30907381789
0.872_0.76.sac,-154.954399727,0.339383258124,-226.687096158,0.344847625089
0.872_0.95.sac,-154.360068305,0.262545086895,-226.802954796,0.186186896812
0.872_0.sac,-158.097314721,0.207989871767,-228.451113852,0.238419185432
0.872_1.14.sac,-155.151516014,0.204587442465,-230.497920485,0.307864081942
0.872_1.33.sac,-157.313761067,0.178855818483,-230.083736773,0.379854084208
0.872_1.52.sac,-158.221054315,0.0882074861469,-229.211440434,0.188635292924
0.872_1.71.sac,-160.366286177,0.143967960023,-226.655008894,0.371219431727
0.872_1.90.sac,-115.013871635,0.218054957459,-156.726861181,0.196462916266
0.872_2.09.sac,-156.618729048,0.283376181637,-228.654885146,0.326433377934
0.872_2.28.sac,-157.11403355,0.166221807564,-231.228485841,0.238772202588
0.872_2.47.sac,-155.328495132,0.18775619904,-228.654540792,0.144346133642
0.872_2.66.sac,-154.914562089,0.201800112099,-226.897981358,0.217503344079
0.872_2.85.sac,-156.072432118,0.234275798732,-227.670991365,0.240078841415
0.872_3.04.sac,-155.964223658,0.150687432221,-227.575034284,0.153224546325
0.872_3.23.sac,-156.197255006,0.23456794515,-227.691803182,0.152864929159
0.872_3.42.sac,-157.930453912,0.190912686502,-227.866854969,0.197360786042
0.872_3.61.sac,-159.675479648,0.247399477797,-228.742364796,0.291534760079
0.872_3.80.sac,-227.760929814,0.17472800355,-274.209392411,0.173926201623
0.872_3.99.sac,-157.544055455,0.125561317513,-226.117151462,0.254940563177
0.872_4.18.sac,-157.458284061,0.319198192387,-225.674641615,0.189270619883
0.872_4.37.sac,-226.391044866,0.212356458933,-326.171369005,0.203548692436
0.872_4.56.sac,-75.6898682197,0.705987316261,-226.334298632,0.25223835257
0.872_4.75.sac,-157.677259691,0.160555200543,-228.652871953,0.300925672739
0.872_4.94.sac,-160.46989809,0.135721858644,-196.166459947,0.189878572531
0.872_5.13.sac,-158.984048266,0.230201061577,-254.27580872,0.225692146072
0.872_5.32.sac,-106.173697092,0.196132961258,-155.313549186,0.134742571711
0.872_5.51.sac,-153.172939803,0.159805924933,-221.691453228,0.180047798981
0.872_5.70.sac,-153.563276157,0.175186221185,-222.929917305,0.201898053594
0.872_5.89.sac,-227.185945597,0.103770463205,-328.044638964,0.243919123264
0.959_0.22.sac,-154.323073939,0.350414073167,-227.194093395,0.342829507322
0.959_0.44.sac,-51.7070206417,0.450603786945,-225.822801561,0.274626334356
0.959_0.66.sac,-152.845102711,0.0871997056352,-225.168803224,0.277105293605
0.959_0.88.sac,-153.665345747,0.142482857629,-226.275357538,0.249110696936
0.959_0.sac,-154.664671305,0.140963228926,-225.318515198,0.15013716378
0.959_1.10.sac,-156.869729411,0.252353163973,-228.708531134,0.362318037864
0.959_1.32.sac,-158.365508868,0.233091757953,-225.625494,0.262451311242
0.959_1.54.sac,-156.874924897,0.273122400226,-227.874601309,0.322388753761
0.959_1.76.sac,-55.7167892511,0.201875268607,-226.009181564,0.238058685997
0.959_1.98.sac,-187.929235706,0.251524188052,-231.068202918,0.212375621007
0.959_2.20.sac,-155.551444483,0.11799741809,-230.53377141,0.227459113928
0.959_2.42.sac,-157.032490652,0.136049236587,-230.240241978,0.250987671063
0.959_2.64.sac,-155.536292709,0.166967350256,-228.330615323,0.153007145387
0.959_2.86.sac,-50.4240980659,0.533305570052,-227.498133935,0.199214360357
0.959_3.08.sac,-154.694085983,0.239274652805,-225.95272017,0.201752921623
0.959_3.30.sac,-156.226228217,0.272964304385,-226.937655048,0.247206961107
0.959_3.52.sac,-158.28620882,0.346346984505,-227.313950887,0.212823090292
0.959_3.74.sac,-158.432182267,0.148123247614,-228.888704979,0.213772313939
0.959_3.96.sac,-157.872722749,0.139899021411,-227.13934336,0.352141903871
0.959_4.18.sac,-156.661537637,0.225610292765,-226.373568514,0.195471346659
0.959_4.40.sac,-157.558202654,0.216705624489,-224.86048743,0.137631560602
0.959_4.62.sac,-156.518934738,0.202616939842,-225.15161748,0.173658734279
0.959_4.84.sac,-157.119911851,0.177976147323,-228.272188944,0.227447030363
0.959_5.06.sac,-104.30244864,0.197643373538,-157.27645587,0.325647328501
0.959_5.28.sac,-106.145454357,0.259869837308,-227.058568454,0.201174378859
0.959_5.50.sac,-153.370944668,0.155905931207,-224.606457386,0.213489464411
0.959_5.72.sac,-224.587191271,0.179485067676,-277.510121811,0.204435340684
0.959_5.94.sac,-153.920095555,0.158039861041,-224.792367405,0.188046966055
0_0.08.sac,-60.9183820956,0.704633698892,-225.174328124,0.27568979577
0_0.16.sac,-132.848347632,0.328235593969,-223.792769917,0.186305848284
0_0.24.sac,-122.525047333,0.249872478336,-187.957814454,0.347416123014
0_0.32.sac,-123.26978512,0.165992497948,-229.200786318,0.211549845478
0_0.40.sac,-123.819820819,0.406373307194,-226.893610832,0.207801728359
0_0.48.sac,-123.93264733,0.19191973007,-227.706450517,0.270599261389
0_0.56.sac,-169.667416504,0.137078997324,-224.579255227,0.153850419108
0_0.64.sac,-43.5116155567,0.291552903215,-224.167878414,0.134193317349
0_0.72.sac,-153.413590106,0.141075886943,-180.452643194,0.519316086916
0_0.80.sac,-150.730045105,0.078318964178,-222.412669786,0.221758997636
0_0.88.sac,-151.396163148,0.202116877682,-223.959335903,0.249142859398
0_0.96.sac,-154.933959994,0.144727700391,-227.728406305,0.177251082197
0_0.sac,-112.273120463,0.243080571286,-225.549085519,0.24888110185
0_1.04.sac,-158.157032107,0.198739434837,-229.174450169,0.124622995604
0_1.12.sac,-156.899427675,0.159361712207,-227.372517152,0.290648761266
0_1.20.sac,-109.521615186,0.181996067088,-154.807890987,0.134212740343
0_1.28.sac,-68.9282764892,0.327993538893,-226.35687402,0.174324575615
0_1.36.sac,-155.338783017,0.19385469444,-227.590347692,0.150530152801
0_1.44.sac,-155.012376015,0.113354918807,-225.391037177,0.242931252449
0_1.52.sac,-226.659818474,0.281750416998,-285.212361738,0.311941590586
0_1.60.sac,-155.734303171,0.142583529894,-285.546635316,0.280893367052
0_1.68.sac,-227.416730833,0.28454472819,-323.59983038,0.288414578522
0_1.76.sac,-154.29313183,0.249212002866,-274.235834659,0.34212742435
0_1.84.sac,-59.6954627132,0.271923268907,-321.212240557,0.146769901014
0_1.92.sac,-155.621253884,0.283118284965,-230.845840785,0.280540096318
0_2.00.sac,-156.620611541,0.105446395547,-231.015765538,0.236873986899
0_2.08.sac,-155.888625858,0.197661986379,-230.2972504,0.188156921547
0_2.16.sac,-151.411446877,0.149032710378,-223.498218672,0.121274638556
0_2.24.sac,-52.4011986166,0.574207609273,-154.38914773,0.152255964231
0_2.32.sac,-53.2011770301,0.483028560909,-313.184796401,0.320597936779
0_2.40.sac,-154.930977462,0.197282875238,-323.105767208,0.125418884841
0_2.48.sac,-154.860204944,0.190352827909,-275.634611585,0.0821736580418
0_2.56.sac,-48.986034396,0.394176455947,-155.698826126,0.285294432175
0_2.64.sac,-156.562164688,0.293580288979,-301.732930308,0.285114218075
0_2.72.sac,-156.239305924,0.148880797613,-229.55464521,0.312965360589
0_2.80.sac,-65.7759725994,0.367548937276,-230.663987422,0.24241116656
0_2.88.sac,-65.3147095188,0.343214396394,-158.135665922,0.341314324652
0_2.96.sac,-195.306082971,0.343885118206,-229.931254113,0.266685052124
0_3.04.sac,-187.119566446,0.187784191797,-227.593713441,0.321285505413
0_3.12.sac,-188.436425372,0.256319806238,-227.714711268,0.262067948772
0_3.20.sac,-228.132062051,0.196484883728,-309.092526691,0.221814846176
0_3.28.sac,-156.989681999,0.190514637674,-228.790032836,0.271133137168
0_3.36.sac,-157.020251612,0.197877194956,-228.198473209,0.217261415073
0_3.44.sac,-187.35102539,0.243398286365,-228.102141336,0.267054207535
0_3.52.sac,-226.895604082,0.1876968696,-274.119525015,0.244909708939
0_3.60.sac,-155.974934354,0.230711460874,-227.229400116,0.159754563727
0_3.68.sac,-158.394783314,0.14987678779,-227.251620925,0.274847573784
0_3.76.sac,-156.503716033,0.278495560866,-226.686539533,0.217669726811
0_3.84.sac,-155.924218269,0.165032797543,-226.035829785,0.251944118984
0_3.92.sac,-156.722489791,0.183179017998,-226.050677075,0.183894128873
0_4.00.sac,-156.832338532,0.119745374241,-226.550398957,0.23548764883
0_4.08.sac,-157.230891073,0.208452748163,-227.39982995,0.170466860304
0_4.16.sac,-157.729583961,0.198995898976,-224.526095647,0.281649601761
0_4.24.sac,-120.108796728,0.224984314794,-157.00442872,0.187233685056
0_4.32.sac,-155.570104552,0.149773619001,-225.1487696,0.31799056809
0_4.40.sac,-155.888099897,0.387225244161,-225.443869581,0.27185951799
0_4.48.sac,-192.318096912,0.31104376028,-229.204170396,0.160829511459
0_4.56.sac,-114.545393367,0.240211671446,-229.404096073,0.1772740723
0_4.64.sac,-156.301187102,0.274767271042,-226.526643138,0.293752046458
0_4.72.sac,-153.420613242,0.18689888483,-226.449000745,0.328347823128
0_4.80.sac,-155.59617448,0.189985340139,-187.758056398,0.229436936452
0_4.88.sac,-154.96267642,0.173785258607,-228.225110088,0.286072029148
0_4.96.sac,-154.501947675,0.165105636958,-229.81144863,0.333960803117
0_5.04.sac,-152.455855634,0.297739613641,-217.426853495,0.222555465721
0_5.12.sac,-151.878534904,0.22894027607,-216.563282422,0.326272617158
0_5.20.sac,-159.449800733,0.229349038852,-235.148434039,0.268710804872
0_5.28.sac,-160.518229985,0.108905334633,-231.661852609,0.258374721949
0_5.36.sac,-229.471464712,0.245126080987,-288.368670858,0.247043049603
0_5.44.sac,-156.279941795,0.285065092466,-228.839037697,0.29797522798
0_5.52.sac,-156.103881113,0.265224439465,-228.219517831,0.245401792642
0_5.60.sac,-156.760662675,0.215603389442,-229.098242934,0.248327454909
0_5.68.sac,-156.998263968,0.138449244662,-229.224511719,0.203722096496
1.046_0.26.sac,-48.9891759836,0.496132251942,-154.582596111,0.201633877536
1.046_0.52.sac,-154.644158937,0.301041476677,-224.726477762,0.242641964537
1.046_0.78.sac,-153.337162396,0.145367634953,-225.862435203,0.305607078283
1.046_0.sac,-50.642372044,0.80561673071,-224.728512135,0.209366307371
1.046_1.04.sac,-155.684163927,0.292367589761,-226.664132372,0.26945109963
1.046_1.30.sac,-155.578448836,0.121853885997,-226.994400121,0.188659905591
1.046_1.56.sac,-114.260664559,0.415421563235,-226.969181254,0.360575075782
1.046_1.82.sac,-52.7249130322,0.255700812274,-227.814927039,0.231197302703
1.046_2.08.sac,-156.141215465,0.211502214604,-229.100156953,0.152850830172
1.046_2.34.sac,-156.079611912,0.127062544742,-229.114107369,0.202572165582
1.046_2.60.sac,-156.888367485,0.133991370409,-191.211318,0.124739931378
1.046_2.86.sac,-155.482575985,0.23006928677,-227.352814379,0.155035028999
1.046_3.12.sac,-153.916722636,0.161465328397,-225.029477968,0.192671074904
1.046_3.38.sac,-156.318878386,0.112439148973,-227.076952331,0.211674386462
1.046_3.64.sac,-157.360184613,0.218416502598,-227.475295904,0.264448219598
1.046_3.90.sac,-156.374185728,0.153862781566,-226.585711094,0.4220007136
1.046_4.16.sac,-227.042718707,0.12495664105,-270.293268143,0.257159176451
1.046_4.42.sac,-158.597074147,0.181587504716,-228.029720852,0.188109604834
1.046_4.68.sac,-157.83462146,0.125671684716,-226.041392999,0.276086449553
1.046_4.94.sac,-156.90003667,0.151999242686,-227.65827892,0.253338806704
1.046_5.20.sac,-48.9472963427,0.440913235737,-227.490050107,0.242271423307
1.046_5.46.sac,-155.064523568,0.15111934506,-224.464336594,0.238244036173
1.046_5.72.sac,-154.450609635,0.209149721919,-226.123025124,0.282293932872
1.046_5.98.sac,-223.089183294,0.197969277971,-320.045603205,0.159625839987
1.133_0.31.sac,-154.540472335,0.141276273699,-226.174765527,0.1558488677
1.133_0.62.sac,-59.6386410499,0.433390979617,-226.133305655,0.186860366764
1.133_0.93.sac,-154.083741711,0.322773900717,-225.054718527,0.159844254982
1.133_0.sac,-224.452707207,0.229755460439,-272.674926335,0.526785869242
1.133_1.24.sac,-154.828448626,0.175411904404,-225.554478366,0.220067557743
1.133_1.55.sac,-155.046712969,0.205445564989,-272.54005646,0.226568602087
1.133_1.86.sac,-152.997243943,0.242468827467,-227.181464376,0.250121809451
1.133_2.17.sac,-112.873055234,0.262047255468,-155.201504879,0.275028245745
1.133_2.48.sac,-155.516171878,0.231897274128,-229.331734981,0.271666801498
1.133_2.79.sac,-51.3409659779,0.400613363297,-156.556579261,0.195974038128
1.133_3.10.sac,-155.74751569,0.193698642088,-226.495488738,0.243188943051
1.133_3.41.sac,-155.443028193,0.23052589231,-226.009501182,0.213412996485
1.133_3.72.sac,-157.504486897,0.194012739194,-228.098168223,0.234350476761
1.133_4.03.sac,-155.947395109,0.18947966292,-227.759209627,0.162843690616
1.133_4.34.sac,-157.062340789,0.132710543721,-227.316698497,0.167446263072
1.133_4.65.sac,-156.550933354,0.169287068927,-225.879780651,0.243368326023
1.133_4.96.sac,-92.4415977405,0.107039042618,-155.713759433,0.109793684176
1.133_5.27.sac,-155.330511788,0.166025332038,-226.92238081,0.259662241627
1.133_5.58.sac,-155.717035363,0.109305140077,-222.065576069,0.143229001664
1.133_5.89.sac,-153.62080166,0.22515651435,-330.387048282,0.243105336547
1.221_0.39.sac,-154.270825477,0.221931451591,-225.090671969,0.164046096294
1.221_0.78.sac,-156.314850043,0.186001259426,-224.815671173,0.169074598431
1.221_0.sac,-49.3624272238,0.579423341997,-223.769029337,0.179925578772
1.221_1.17.sac,-155.734269371,0.176967704777,-225.360279986,0.302017450689
1.221_1.56.sac,-156.115106658,0.328488100326,-272.968679296,0.211810799281
1.221_1.95.sac,-156.130072586,0.298823554396,-228.184010445,0.229578582265
1.221_2.34.sac,-109.207215474,0.425207661901,-157.096549305,0.229663078354
1.221_2.73.sac,-156.774365626,0.166707454805,-226.747764822,0.253294145559
1.221_3.12.sac,-155.787343654,0.244171371442,-227.079405155,0.318632375379
1.221_3.51.sac,-155.338431391,0.212905983564,-318.772348279,0.216381365313
1.221_3.90.sac,-153.810698206,0.203299091021,-223.037333536,0.187671783935
1.221_4.29.sac,-156.959761237,0.13284880322,-227.423662125,0.163702698332
1.221_4.68.sac,-156.419611737,0.173322904092,-227.840953643,0.223125293634
1.221_5.07.sac,-156.313782217,0.117553089074,-225.791092199,0.118824018778
1.221_5.46.sac,-223.26781695,0.25189254852,-325.420729519,0.16289508279
1.221_5.85.sac,-155.99025044,0.226161819612,-223.472407745,0.283530888664
1.308_0.52.sac,-153.247126277,0.224362541539,-224.673867834,0.142245868121
1.308_0.sac,-153.268248662,0.087810833218,-222.063996735,0.309208894072
1.308_1.04.sac,-155.12579009,0.236461177869,-223.69467937,0.238063736252
1.308_1.56.sac,-155.500369268,0.528244949326,-274.422409675,0.227776443647
1.308_2.08.sac,-58.7668786193,0.404912866955,-157.348160788,0.303449326802
1.308_2.60.sac,-156.658815975,0.238797159014,-226.833069849,0.183444893548
1.308_3.12.sac,-155.78206825,0.227856387269,-226.662601257,0.223241374135
1.308_3.64.sac,-154.714158123,0.112387021028,-225.393028097,0.130364849631
1.308_4.16.sac,-155.262864892,0.182191977522,-227.013656571,0.168719582877
1.308_4.68.sac,-156.880621067,0.142000364945,-227.861431278,0.138155730676
1.308_5.20.sac,-156.028880831,0.27269179428,-224.302899594,0.169784119115
1.308_5.72.sac,-154.508040899,0.222087358939,-222.598423815,0.281920346957
1.395_0.78.sac,-153.049655955,0.18573086804,-222.256679711,0.265271771498
1.395_0.sac,-153.232240266,0.220901488939,-223.155223893,0.194798648503
1.395_1.56.sac,-153.30024275,0.222307957276,-222.234350049,0.274798240465
1.395_2.34.sac,-155.754721006,0.210071115967,-224.416607022,0.246385045703
1.395_3.12.sac,-154.905431248,0.308565684199,-224.368907677,0.190483792977
1.395_3.90.sac,-152.531491666,0.113563930353,-223.314444157,0.139228373107
1.395_4.68.sac,-157.401844643,0.166159268408,-226.519532987,0.176096252293
1.395_5.46.sac,-224.890915765,0.144053707958,-318.103736134,0.245288383542
1.482_0.sac,-154.525061023,0.225169100052,-224.556680512,0.180769166594
1.482_1.57.sac,-155.763065763,0.101863577781,-223.922626654,0.154904591636
1.482_3.14.sac,-156.311137455,0.207251796646,-223.267806466,0.345980342314
1.482_4.71.sac,-102.775015815,0.218030139019,-224.841201609,0.112111856879
1.571_0.sac,-117.1043118,0.103724946392,-302.319846853,0.436582694555
n0.087_0.09.sac,-153.25572678,0.19306556916,-226.738787642,0.193936411037
n0.087_0.18.sac,-134.173876161,0.250204178639,-166.585330847,0.311050274883
n0.087_0.27.sac,-153.991016255,0.270677262543,-297.902513214,0.247456936418
n0.087_0.36.sac,-154.032953268,0.173038724235,-224.54335871,0.241612027417
n0.087_0.45.sac,-224.936114839,0.137336300984,-324.255841354,0.175800129404
n0.087_0.54.sac,-225.810839307,0.110887135077,-325.650422751,0.38089596915
n0.087_0.63.sac,-223.743942747,0.261766927772,-268.620559967,0.21592279212
n0.087_0.72.sac,-222.900151715,0.380540875604,-282.779269315,0.290257818626
n0.087_0.81.sac,-181.598941116,0.122204310387,-285.960511185,0.186981976304
n0.087_0.90.sac,-155.935098008,0.252186882162,-223.790030729,0.293464316332
n0.087_0.99.sac,-157.525869814,0.200224474198,-227.468338707,0.176538158153
n0.087_0.sac,-154.907083775,0.246066169033,-226.293290153,0.163214858066
n0.087_1.08.sac,-157.725773624,0.143680021814,-227.880608635,0.268221323383
n0.087_1.17.sac,-155.498147753,0.110180339817,-225.993906244,0.293206339532
n0.087_1.26.sac,-154.541065082,0.216846302598,-224.276294301,0.133379398059
n0.087_1.35.sac,-155.019140134,0.247208845712,-227.324503531,0.16012444457
n0.087_1.44.sac,-154.414457769,0.226342600844,-226.606205614,0.284694612822
n0.087_1.53.sac,-153.374603319,0.0884924063229,-225.65406861,0.225229218726
n0.087_1.62.sac,-50.0065891063,0.420209132932,-153.56555961,0.111739964891
n0.087_1.71.sac,-232.407135512,0.320806337185,-275.048121208,0.238296940203
n0.087_1.80.sac,-184.949147407,0.316236817005,-232.695132205,0.19628228819
n0.087_1.89.sac,-151.517390299,0.151837682276,-231.803468433,0.210953648354
n0.087_1.98.sac,-230.956459097,0.315942418493,-278.331732723,0.204522518013
n0.087_2.07.sac,-195.614665891,0.589892492018,-253.191151237,0.225760099728
n0.087_2.16.sac,-152.82489641,0.139054583537,-226.08048237,0.227220766967
n0.087_2.25.sac,-225.170517206,0.213314247057,-316.933790192,0.290138332296
n0.087_2.34.sac,-154.374069766,0.167516511703,-228.679681839,0.293155099858
n0.087_2.43.sac,-153.167554669,0.22408823901,-293.150336245,0.325103774697
n0.087_2.52.sac,-154.653383668,0.268374337603,-197.60877364,0.218085470986
n0.087_2.61.sac,-154.988552095,0.207800278006,-192.657812569,0.268529059989
n0.087_2.70.sac,-60.6059602178,0.638772274103,-228.782842175,0.262049764509
n0.087_2.79.sac,-153.793420563,0.15331067565,-228.609172747,0.292458430669
n0.087_2.88.sac,-155.784797622,0.120903668227,-229.500014034,0.233221942899
n0.087_2.97.sac,-159.759617454,0.164596073718,-230.199724747,0.167099053253
n0.087_3.06.sac,-229.577193707,0.217755301131,-274.912246658,0.225422847084
n0.087_3.15.sac,-158.573578886,0.122754883991,-229.138190817,0.282980701841
n0.087_3.24.sac,-189.647230121,0.24534816798,-228.42900203,0.4061448011
n0.087_3.33.sac,-157.183324486,0.241633591898,-227.308629391,0.224162252538
n0.087_3.42.sac,-157.481071049,0.197404656656,-227.884072373,0.225189200687
n0.087_3.51.sac,-108.573554126,0.281552343339,-228.561184915,0.246039480965
n0.087_3.60.sac,-156.389865908,0.122074740021,-227.706950732,0.211389744993
n0.087_3.69.sac,-157.135490298,0.224800747792,-227.243828414,0.22215632039
n0.087_3.78.sac,-156.581072042,0.227889396803,-226.35121016,0.26112327161
n0.087_3.87.sac,-155.608612048,0.639022665501,-226.541305123,0.166085152352
n0.087_3.96.sac,-156.740275326,0.198534910264,-225.697378926,0.08904434542
n0.087_4.05.sac,-157.009773382,0.163584401697,-226.537845516,0.230140173928
n0.087_4.14.sac,-155.763763189,0.279869792716,-309.339362095,0.219388487737
n0.087_4.23.sac,-63.6289087922,0.244140336368,-221.733172906,0.31809254197
n0.087_4.32.sac,-156.797678605,0.309425703348,-226.042365883,0.282478250669
n0.087_4.41.sac,-157.217289053,0.319157245886,-224.095315144,0.169880499019
n0.087_4.50.sac,-51.6153160397,0.287439130681,-156.609131018,0.184181605817
n0.087_4.59.sac,-154.48245078,0.153452211627,-223.763005803,0.366795061703
n0.087_4.68.sac,-154.844427692,0.188203573958,-261.695055741,0.270955410267
n0.087_4.77.sac,-154.507102232,0.204896579955,-261.590301127,0.356504114679
n0.087_4.86.sac,-226.202512193,0.377804674371,-272.131188898,0.239974451456
n0.087_4.95.sac,-153.716890274,0.134866550984,-325.69020732,0.0902091366853
n0.087_5.04.sac,-60.1497153747,0.733193970566,-154.383489845,0.269096801933
n0.087_5.13.sac,-50.5140841732,0.350690898803,-155.553769545,0.205470399325
n0.087_5.22.sac,-158.770793365,0.115855722436,-230.751475599,0.196444927597
n0.087_5.31.sac,-158.680489498,0.144276264841,-230.177517056,0.152666678434
n0.087_5.40.sac,-157.629215119,0.192329424198,-230.012539378,0.204775194725
n0.087_5.49.sac,-156.643169471,0.279093106356,-229.119452077,0.224204686321
n0.087_5.58.sac,-228.707823125,0.202317528311,-273.130684009,0.275898951619
n0.087_5.67.sac,-228.744633882,0.213556044678,-271.444310321,0.231535890408
n0.087_5.76.sac,-157.226624025,0.21073564414,-228.360607886,0.232941588004
n0.087_5.85.sac,-156.809119184,0.275767733908,-227.744573071,0.278855290671
n0.087_5.94.sac,-155.941082324,0.156394556762,-227.545163094,0.248588489844
n0.087_6.03.sac,-155.346818368,0.258442570333,-225.897370437,0.202846058259
n0.174_0.09.sac,-153.567565761,0.181010941437,-225.577622247,0.149812825064
n0.174_0.18.sac,-69.3405912379,0.176221411545,-235.775701649,0.225905599412
n0.174_0.27.sac,-156.811280598,0.187243059932,-227.567643016,0.332977463465
n0.174_0.36.sac,-73.7649204458,0.213239654206,-227.580124931,0.235865542679
n0.174_0.45.sac,-227.974714171,0.211311123322,-320.925680966,0.285955400243
n0.174_0.54.sac,-58.2535751217,0.262611684745,-107.745045871,0.232944078975
n0.174_0.63.sac,-156.605780373,0.205811916299,-224.338994255,0.246788284522
n0.174_0.72.sac,-126.113707895,0.123951568568,-224.022405183,0.248633706585
n0.174_0.81.sac,-226.792867505,0.273783184479,-281.61426178,0.193918680926
n0.174_0.90.sac,-158.715384616,0.121367977075,-227.224355537,0.206229740145
n0.174_0.99.sac,-157.012050475,0.10834425924,-227.933997745,0.180767721036
n0.174_0.sac,-155.180810479,0.192430850748,-227.221653755,0.247516999888
n0.174_1.08.sac,-156.857508522,0.15788991776,-227.753682405,0.263990048299
n0.174_1.17.sac,-156.899696405,0.238258961821,-226.92046337,0.208686630819
n0.174_1.26.sac,-155.926724,0.123781031956,-225.474003343,0.230067219711
n0.174_1.35.sac,-155.904867303,0.115527037072,-226.402088422,0.151063743892
n0.174_1.44.sac,-154.917861907,0.265536355066,-227.178910855,0.171947130866
n0.174_1.53.sac,-153.639519194,0.292630045485,-225.594435206,0.345258987305
n0.174_1.62.sac,-225.474255512,0.225478603062,-324.893612132,0.370340829335
n0.174_1.71.sac,-157.662719539,0.163486151629,-227.136165199,0.224560734651
n0.174_1.80.sac,-228.555801797,0.122315155379,-322.211247581,0.153366674651
n0.174_1.89.sac,-231.358052161,0.189978966804,-320.586122012,0.20588202218
n0.174_1.98.sac,-153.397956797,0.28623222125,-231.98687424,0.249862437275
n0.174_2.07.sac,-153.379077113,0.287372345527,-313.742742764,0.153699015677
n0.174_2.16.sac,-54.2002309278,0.458255336175,-227.273227413,0.331053447025
n0.174_2.25.sac,-100.536626803,0.32201007994,-228.206386641,0.184870789576
n0.174_2.34.sac,-229.770355672,0.234363405626,-280.922533404,0.474651030772
n0.174_2.43.sac,-152.921261005,0.278893596984,-227.614265533,0.218196590697
n0.174_2.52.sac,-227.631775805,0.2461309923,-278.483601802,0.378264385375
n0.174_2.61.sac,-152.946174552,0.197772770892,-230.40458397,0.17220847876
n0.174_2.70.sac,-152.602749413,0.237495928672,-229.669367319,0.210320394951
n0.174_2.79.sac,-153.611776261,0.215645139912,-228.910385478,0.144191374658
n0.174_2.88.sac,-229.101521325,0.233690494103,-288.553088347,0.292065194415
n0.174_2.97.sac,-159.735630895,0.336776354077,-230.285173973,0.198273953428
n0.174_3.06.sac,-160.457386479,0.269894800952,-229.907974714,0.337404820747
n0.174_3.15.sac,-158.974938469,0.278085166525,-230.439471952,0.267167528701
n0.174_3.24.sac,-158.720860599,0.217565798967,-227.559894217,0.0934116472872
n0.174_3.33.sac,-156.489936948,0.329489894091,-226.391127347,0.319065477623
n0.174_3.42.sac,-158.154068496,0.185200944485,-227.807022516,0.191643417748
n0.174_3.51.sac,-157.312003781,0.19215764249,-228.418763387,0.214351399063
n0.174_3.60.sac,-157.388512378,0.210355390589,-228.193001273,0.212430407155
n0.174_3.69.sac,-52.8120843843,0.740916695758,-227.605885749,0.178001382338
n0.174_3.78.sac,-157.055716921,0.188316025307,-227.202951392,0.183123591242
n0.174_3.87.sac,-156.81741982,0.242706656138,-226.562916417,0.22661633741
n0.174_3.96.sac,-156.378423023,0.143627210209,-227.439468716,0.282411149187
n0.174_4.05.sac,-157.372540794,0.122713438184,-227.773130596,0.215604138012
n0.174_4.14.sac,-155.421343144,0.200060389374,-227.779853153,0.393132404217
n0.174_4.23.sac,-157.691021257,0.201011802924,-228.010266306,0.327192385552
n0.174_4.32.sac,-157.256150528,0.199695048908,-226.958464564,0.190632082796
n0.174_4.41.sac,-60.5364366653,0.368674996059,-157.057523999,0.181549356597
n0.174_4.50.sac,-155.625119561,0.182394525951,-248.362438694,0.219140765326
n0.174_4.59.sac,-53.2984374122,0.570815948924,-223.254248166,0.403447188505
n0.174_4.68.sac,-153.888550518,0.206611026472,-262.642524416,0.203641235256
n0.174_4.77.sac,-156.363435194,0.0998407873934,-227.357656916,0.163538072737
n0.174_4.86.sac,-58.1902972576,0.437198263144,-227.72400799,0.166083106194
n0.174_4.95.sac,-154.249870421,0.217158212482,-229.188750448,0.205666139964
n0.174_5.04.sac,-155.016720958,0.318086183193,-229.608937728,0.230481736431
n0.174_5.13.sac,-157.111567427,0.215637128676,-230.915948901,0.146930386865
n0.174_5.22.sac,-159.713364637,0.232177086077,-230.250316774,0.188336287438
n0.174_5.31.sac,-158.774183298,0.180496896355,-230.278181141,0.14936716751
n0.174_5.40.sac,-157.490266365,0.26121468526,-229.31222955,0.242990725635
n0.174_5.49.sac,-156.940413639,0.193463447001,-228.527802213,0.245749556701
n0.174_5.58.sac,-156.506830964,0.218702799494,-274.490404617,0.209177561942
n0.174_5.67.sac,-155.829567369,0.186382637682,-227.68601863,0.17622271482
n0.261_0.10.sac,-224.221708408,0.341806322819,-316.457670402,0.224181764489
n0.261_0.20.sac,-149.06856944,0.206073816733,-192.097860574,0.13252862074
n0.261_0.30.sac,-188.74887723,0.390958764913,-275.70954736,0.17356103205
n0.261_0.40.sac,-157.594211226,0.274814952825,-228.183375138,0.234682399262
n0.261_0.50.sac,-158.24743727,0.252100626598,-229.345372874,0.353930885353
n0.261_0.60.sac,-75.3962231542,0.366015296077,-226.004453108,0.244493879498
n0.261_0.70.sac,-155.503143741,0.220362047484,-225.241013265,0.304489890693
n0.261_0.80.sac,-183.498551679,0.221696417132,-224.776136538,0.204883582018
n0.261_0.90.sac,-226.671069127,0.288433567876,-271.76102532,0.205223452946
n0.261_0.sac,-68.5079629267,0.424243210141,-155.470576018,0.211247157544
n0.261_1.00.sac,-155.885522718,0.128016617772,-228.282316954,0.240399371612
n0.261_1.10.sac,-156.854406691,0.17977312184,-228.216231993,0.245198859125
n0.261_1.20.sac,-185.032202475,0.258130093069,-227.999433644,0.288210692926
n0.261_1.30.sac,-119.416398918,0.243774264839,-228.02849491,0.216561569694
n0.261_1.40.sac,-184.054646759,0.620489801782,-228.460869525,0.161734480408
n0.261_1.50.sac,-155.133524112,0.111629745453,-225.413006377,0.183043259887
n0.261_1.60.sac,-156.20919968,0.0981994875104,-225.936782104,0.201269481128
n0.261_1.70.sac,-156.647366894,0.235589635894,-226.776365093,0.198083996261
n0.261_1.80.sac,-155.889992967,0.0830317158065,-227.681927241,0.188035288578
n0.261_1.90.sac,-155.070251107,0.269098825015,-225.493634286,0.191750048648
n0.261_2.00.sac,-153.280431813,0.27336468199,-319.798076597,0.243113935088
n0.261_2.10.sac,-154.321520858,0.213327097107,-270.268521407,0.265191129835
n0.261_2.20.sac,-154.981709482,0.104987599147,-227.303748397,0.241213611217
n0.261_2.30.sac,-58.43788728,0.285609817748,-228.916038588,0.136702312234
n0.261_2.40.sac,-49.0187182419,0.405445064785,-130.338338133,0.12007881718
n0.261_2.50.sac,-152.725136278,0.186036970715,-226.194129244,0.349956450169
n0.261_2.60.sac,-152.246616407,0.243250361785,-227.757121701,0.244893099197
n0.261_2.70.sac,-154.799850623,0.20850092353,-315.458913481,0.232051149385
n0.261_2.80.sac,-111.897305146,0.288098160528,-230.740473235,0.239614815108
n0.261_2.90.sac,-233.780244358,0.286922018885,-288.695406284,0.25651679548
n0.261_3.00.sac,-159.707156882,0.322784338361,-231.170815186,0.315093480084
n0.261_3.10.sac,-157.578165975,0.25418038984,-284.028027405,0.480705424667
n0.261_3.20.sac,-155.860107584,0.151258075375,-227.867098581,0.270719218307
n0.261_3.30.sac,-227.908622599,0.2940431401,-322.305240609,0.248926507966
n0.261_3.40.sac,-159.179109922,0.215870518801,-227.575830696,0.26300460147
n0.261_3.50.sac,-158.93231352,0.221497026248,-227.959206822,0.225358888563
n0.261_3.60.sac,-157.637410872,0.218008504935,-227.761867403,0.221043919032
n0.261_3.70.sac,-157.51097627,0.206018706059,-227.206724136,0.192033316476
n0.261_3.80.sac,-157.845286165,0.207947884782,-227.594201415,0.131372256747
n0.261_3.90.sac,-157.29765187,0.213808217385,-227.169168482,0.187193798395
n0.261_4.00.sac,-156.557777382,0.164881875226,-227.379638008,0.167877009746
n0.261_4.10.sac,-157.596991116,0.191019694786,-227.745226064,0.17419051935
n0.261_4.20.sac,-157.809746151,0.22562753607,-227.159697352,0.322080107282
n0.261_4.30.sac,-158.783201975,0.224401424926,-226.388164914,0.248376445192
n0.261_4.40.sac,-158.938919419,0.233318531771,-228.861308606,0.232581804624
n0.261_4.50.sac,-54.3841685235,0.288166629879,-187.874472835,0.378333810105
n0.261_4.60.sac,-156.552988938,0.126915087109,-237.065929972,0.20478420097
n0.261_4.70.sac,-62.4179010232,0.481556297127,-189.497691773,0.219217190054
n0.261_4.80.sac,-155.074690527,0.0942498907166,-228.326277863,0.216485036101
n0.261_4.90.sac,-154.872177397,0.110244275858,-228.111887053,0.166413220079
n0.261_5.00.sac,-155.864496377,0.32458712053,-228.718736637,0.201103267198
n0.261_5.10.sac,-157.860546726,0.237478491084,-305.594044496,0.316961758549
n0.261_5.20.sac,-159.954330075,0.337711330647,-277.262407026,0.328362009722
n0.261_5.30.sac,-157.840318251,0.155420123872,-233.625471609,0.232232377589
n0.261_5.40.sac,-157.237230371,0.219677105931,-228.501514553,0.264770363989
n0.261_5.50.sac,-157.348377503,0.235669225913,-227.922405748,0.242743871631
n0.261_5.60.sac,-157.481576241,0.154833581107,-228.468111981,0.217269101189
n0.261_5.70.sac,-156.331815361,0.214312363474,-227.884728677,0.179759772279
n0.261_5.80.sac,-154.329838753,0.29923067049,-224.984831871,0.344957480858
n0.261_5.90.sac,-225.035267561,0.489992416105,-266.999743063,0.273637006781
n0.348_0.11.sac,-150.704828639,0.644772647506,-225.392191023,0.388510662127
n0.348_0.22.sac,-149.191714459,0.189895654896,-227.639465288,0.34462843731
n0.348_0.33.sac,-155.10733564,0.199565148033,-226.461388339,0.353915916595
n0.348_0.44.sac,-157.515666394,0.364511079199,-229.217602136,0.484399648554
n0.348_0.55.sac,-155.942659163,0.178216191312,-226.870249549,0.221969925026
n0.348_0.66.sac,-154.103650516,0.211586140846,-226.736254309,0.287617971449
n0.348_0.77.sac,-225.401672151,0.298672242219,-306.917816743,0.231952838885
n0.348_0.88.sac,-157.434805268,0.312500242003,-226.849874492,0.277783353613
n0.348_0.99.sac,-155.92451076,0.190853619631,-226.980325503,0.204807284645
n0.348_0.sac,-172.62192094,0.281945313275,-279.387677554,0.127387248339
n0.348_1.10.sac,-156.318618198,0.183667946756,-228.291663625,0.187218386909
n0.348_1.21.sac,-156.973757709,0.159272354971,-228.60512413,0.258879481306
n0.348_1.32.sac,-157.152726295,0.154825643428,-229.86062807,0.298286427607
n0.348_1.43.sac,-155.73551853,0.100292968826,-324.355377746,0.309994699863
n0.348_1.54.sac,-155.934171059,0.134982622771,-227.284431141,0.238103043139
n0.348_1.65.sac,-156.418105134,0.220944465856,-227.265677661,0.181402417625
n0.348_1.76.sac,-154.554468132,0.181646699879,-226.128905355,0.163131592442
n0.348_1.87.sac,-226.178111241,0.222374077267,-272.636082587,0.233276888788
n0.348_1.98.sac,-183.899277735,0.168657014701,-227.363825835,0.291511927403
n0.348_2.09.sac,-61.6338795588,0.348324794396,-314.056155533,0.223343536355
n0.348_2.20.sac,-187.244377444,0.239622987541,-225.140253709,0.182010554381
n0.348_2.31.sac,-78.8661008582,0.31350969917,-306.219962377,0.151461673045
n0.348_2.42.sac,-152.45981595,0.172897253153,-225.259607118,0.272456444649
n0.348_2.53.sac,-157.051807436,0.187606377302,-227.933145898,0.140156125904
n0.348_2.64.sac,-122.149385615,0.266618963253,-227.550225339,0.151357992773
n0.348_2.75.sac,-156.815744674,0.214396434419,-228.375869763,0.163577584174
n0.348_2.86.sac,-228.485459236,0.195118215848,-322.646016171,0.410058696374
n0.348_2.97.sac,-157.883917154,0.31657661777,-234.907965123,0.264161834353
n0.348_3.08.sac,-155.961450208,0.175419117709,-282.904567916,0.374907208421
n0.348_3.19.sac,-47.7119332925,0.331694673096,-229.303294409,0.264957895974
n0.348_3.30.sac,-159.305124536,0.225417507319,-229.229883882,0.340835956802
n0.348_3.41.sac,-158.986795466,0.243172640668,-227.029251646,0.272686775066
n0.348_3.52.sac,-159.790176324,0.385132797485,-228.823557424,0.310393090989
n0.348_3.63.sac,-157.432398589,0.133176598432,-226.490716298,0.134975743965
n0.348_3.74.sac,-158.396802882,0.201092422219,-227.92759887,0.171787246096
n0.348_3.85.sac,-157.132793916,0.119467156077,-227.684013558,0.168292170459
n0.348_3.96.sac,-157.170163034,0.16864880905,-227.288927128,0.197105500485
n0.348_4.07.sac,-158.28188217,0.204692249019,-228.256965149,0.207003108371
n0.348_4.18.sac,-158.118401731,0.0941405312761,-228.085388234,0.234744527587
n0.348_4.29.sac,-158.188603229,0.150736934857,-228.528829754,0.310659724961
n0.348_4.40.sac,-229.874304602,0.25953555802,-264.556871308,0.288317415832
n0.348_4.51.sac,-131.008069929,0.410014156948,-231.087035508,0.407859791733
n0.348_4.62.sac,-106.632351647,0.323789632617,-227.620924765,0.327212678116
n0.348_4.73.sac,-122.252644935,0.14129981373,-188.466636226,0.109824420808
n0.348_4.84.sac,-154.66375718,0.109782894569,-227.50449029,0.193740885505
n0.348_4.95.sac,-155.519593228,0.189627784505,-227.80585732,0.136553994326
n0.348_5.06.sac,-158.017754496,0.268315410001,-305.765847273,0.172945506239
n0.348_5.17.sac,-47.8899150674,0.316798338064,-197.395471552,0.214810115367
n0.348_5.28.sac,-197.604579814,0.159311648118,-232.031510406,0.334658311821
n0.348_5.39.sac,-156.596584766,0.218504780194,-228.321088211,0.548949786642
n0.348_5.50.sac,-157.426436966,0.168424015204,-227.406940867,0.280642362254
n0.348_5.61.sac,-157.110204506,0.101148718528,-228.074977361,0.23472661086
n0.348_5.72.sac,-156.161559112,0.134151855899,-227.946506003,0.384862795725
n0.348_5.83.sac,-156.997116424,0.221324548222,-231.051996118,0.516545884877
n0.348_5.94.sac,-156.706528926,0.283064096643,-229.294308316,0.257483711759
n0.348_6.05.sac,-157.421681496,0.268407467189,-298.294576036,0.241526228981
n0.436_0.12.sac,-51.546834399,0.474145747426,-155.057109105,0.321172292147
n0.436_0.24.sac,-154.346284245,0.307438478333,-251.162075123,0.215867266469
n0.436_0.36.sac,-110.788408924,0.24507691475,-152.437628686,0.210186841211
n0.436_0.48.sac,-103.967146908,0.214021069155,-227.222304637,0.310201379648
n0.436_0.60.sac,-153.989577419,0.214053185308,-225.704106261,0.306507379351
n0.436_0.72.sac,-156.088356926,0.1772741348,-225.546817338,0.329924548908
n0.436_0.84.sac,-227.827635991,0.319183258726,-274.145724107,0.193863552288
n0.436_0.96.sac,-156.279540483,0.249302433885,-226.867091341,0.199090930799
n0.436_0.sac,-51.6064737827,0.433780540743,-227.673736687,0.277638595654
n0.436_1.08.sac,-156.078094828,0.178415560246,-227.185076261,0.218477449948
n0.436_1.20.sac,-227.396685679,0.18029723878,-277.224958611,0.294777517558
n0.436_1.32.sac,-156.064023503,0.293374884156,-229.052898518,0.248243234834
n0.436_1.44.sac,-158.992412053,0.145531140016,-227.897957536,0.285770378175
n0.436_1.56.sac,-157.105065974,0.137129289778,-225.690082018,0.270173886961
n0.436_1.68.sac,-156.477804323,0.185447475805,-225.983918491,0.231521971583
n0.436_1.80.sac,-50.1091273302,0.440642079395,-118.178671683,0.226369787991
n0.436_1.92.sac,-184.273623729,0.338780196675,-227.462631562,0.279249488826
n0.436_2.04.sac,-182.051232786,0.219083344417,-227.807534864,0.120111696221
n0.436_2.16.sac,-154.796979205,0.204324681486,-312.864315562,0.333698126343
n0.436_2.28.sac,-254.465613155,0.392800527236,-308.135447379,0.212559803709
n0.436_2.40.sac,-153.04665999,0.290395907364,-225.782438904,0.254096078642
n0.436_2.52.sac,-157.830170293,0.235137030524,-227.248449124,0.204020738952
n0.436_2.64.sac,-157.551153322,0.175263828815,-273.207869093,0.208563459442
n0.436_2.76.sac,-157.276046991,0.200463938258,-227.778365707,0.158303075979
n0.436_2.88.sac,-55.6001064716,0.601656535796,-154.75048407,0.208874883929
n0.436_3.00.sac,-86.4857150056,0.264254258689,-230.699660852,0.609911574113
n0.436_3.12.sac,-46.0284487084,0.502665179228,-192.144991172,0.296995105106
n0.436_3.24.sac,-46.8119690547,0.444507917259,-229.945024721,0.312985203521
n0.436_3.36.sac,-159.065666173,0.191559249482,-227.979318457,0.328559648581
n0.436_3.48.sac,-158.424733541,0.209520694925,-227.667609148,0.227811270797
n0.436_3.60.sac,-158.580869983,0.183113126523,-227.808920011,0.329867815638
n0.436_3.72.sac,-155.666665029,0.252043684596,-229.450813213,0.312588533944
n0.436_3.84.sac,-157.096131555,0.210616014264,-228.249419353,0.190961599432
n0.436_3.96.sac,-54.2193966018,0.596466067815,-227.335290349,0.176856918085
n0.436_4.08.sac,-158.545683097,0.128920577558,-227.89103894,0.171613008934
n0.436_4.20.sac,-119.975974909,0.343801258383,-227.478668086,0.24287119596
n0.436_4.32.sac,-188.118077449,0.276802560968,-227.534474447,0.168518210703
n0.436_4.44.sac,-158.145972223,0.0910232631982,-187.423163531,0.255627851776
n0.436_4.56.sac,-158.922398643,0.418555966634,-233.237789965,0.403686487361
n0.436_4.68.sac,-161.783558773,0.493523054555,-338.822013069,0.29101771688
n0.436_4.80.sac,-173.439897972,0.199081822051,-221.961440954,0.398611168501
n0.436_4.92.sac,-156.460002484,0.37071994937,-223.704620976,0.442751480103
n0.436_5.04.sac,-124.171925842,0.302618823585,-165.131180839,0.333153186232
n0.436_5.16.sac,-48.2814369323,0.328840985499,-197.249144727,0.222343152626
n0.436_5.28.sac,-154.652184214,0.191550872637,-197.284549728,0.170907810348
n0.436_5.40.sac,-96.7832021923,0.355109545171,-227.917021071,0.229717477262
n0.436_5.52.sac,-156.058755483,0.198436724755,-226.755210006,0.277228526326
n0.436_5.64.sac,-155.008221108,0.297217983093,-226.975200588,0.320180457867
n0.436_5.76.sac,-155.74581812,0.20808360303,-229.244200225,0.207783134907
n0.436_5.88.sac,-157.460347324,0.291102247026,-230.729730404,0.305432175124
n0.436_6.00.sac,-157.180616278,0.271914165348,-301.550032458,0.300738692886
n0.436_6.12.sac,-158.265747469,0.164164948919,-227.726021969,0.172026774945
n0.523_0.13.sac,-226.998462918,0.381776601086,-311.585160943,0.435763475439
n0.523_0.26.sac,-151.94969618,0.425584311089,-311.52806031,0.33740622293
n0.523_0.39.sac,-113.414130144,0.225108567869,-152.134006437,0.265507196763
n0.523_0.52.sac,-153.413225881,0.146075760769,-226.359102689,0.242911884164
n0.523_0.65.sac,-157.129029398,0.129276310601,-226.525659753,0.225897351265
n0.523_0.78.sac,-156.156947574,0.154660696042,-227.886055472,0.228265583796
n0.523_0.91.sac,-156.388771382,0.189936305539,-227.832368234,0.220156238276
n0.523_0.sac,-173.538199068,0.285690364166,-202.156583661,0.394367833729
n0.523_1.04.sac,-48.523176394,0.727162150469,-155.501697933,0.23700561892
n0.523_1.17.sac,-153.950575125,0.225131041333,-227.26066514,0.285313860905
n0.523_1.30.sac,-155.913631753,0.166315101029,-227.495156562,0.309528185749
n0.523_1.43.sac,-156.873700592,0.158586961712,-226.559197706,0.277573130875
n0.523_1.56.sac,-155.420456996,0.194172972713,-224.90343119,0.254838369872
n0.523_1.69.sac,-155.799464778,0.112032153434,-226.302847665,0.233371073421
n0.523_1.82.sac,-159.369613092,0.150408907495,-228.801791061,0.239585312815
n0.523_1.95.sac,-155.193846071,0.227271099509,-229.154830067,0.179392186489
n0.523_2.08.sac,-154.539287835,0.146816026738,-228.05512954,0.21673667771
n0.523_2.21.sac,-155.053597266,0.232200596251,-269.145272864,0.254052016737
n0.523_2.34.sac,-152.718719847,0.262218984216,-255.423438701,0.34613373581
n0.523_2.47.sac,-156.239144625,0.229540123651,-226.647580114,0.379778139819
n0.523_2.60.sac,-55.4979382377,0.519458968833,-154.121335941,0.209277512315
n0.523_2.73.sac,-57.8989879517,0.666895322595,-114.369157976,0.135244456118
n0.523_2.86.sac,-157.561261362,0.293607444502,-227.655783562,0.273893744409
n0.523_2.99.sac,-156.198949759,0.383573795417,-196.242338015,0.370368125249
n0.523_3.12.sac,-40.1106438386,0.628184468842,-231.646672565,0.246328310309
n0.523_3.25.sac,-229.778739191,0.318871148488,-283.199602625,0.347296001133
n0.523_3.38.sac,-158.908526938,0.257733836989,-229.070774706,0.358196881272
n0.523_3.51.sac,-227.754327543,0.237557605399,-271.063433544,0.266318665065
n0.523_3.64.sac,-228.188271267,0.244256934585,-270.979255685,0.183463734737
n0.523_3.77.sac,-158.613264187,0.210007979742,-227.065024411,0.201600331277
n0.523_3.90.sac,-157.854023089,0.269709995992,-227.619034686,0.192426569732
n0.523_4.03.sac,-225.616901842,0.136179381267,-322.154648062,0.290241936791
n0.523_4.16.sac,-132.655826252,0.217283106909,-224.212826488,0.262771180086
n0.523_4.29.sac,-187.517277535,0.364071899737,-270.716391755,0.250102159641
n0.523_4.42.sac,-159.307500815,0.368140665033,-186.954685907,0.299691015095
n0.523_4.55.sac,-157.724472232,0.289635410113,-286.372319939,0.357131389744
n0.523_4.68.sac,-120.3146061,0.389357375016,-191.968309543,0.382822017409
n0.523_4.81.sac,-71.2499053203,0.27566916347,-187.005178641,0.364456385191
n0.523_4.94.sac,-124.242971187,0.246274773144,-160.907899847,0.189885448899
n0.523_5.07.sac,-82.3025937348,0.212926733735,-164.9258071,0.372445117401
n0.523_5.20.sac,-194.745937704,0.277019352865,-284.339336938,0.204653760045
n0.523_5.33.sac,-121.280855829,0.61145371624,-231.58291394,0.486530989782
n0.523_5.46.sac,-153.25366122,0.133896750316,-231.118001091,0.220210211733
n0.523_5.59.sac,-155.344140103,0.240054576363,-229.714809226,0.195139450471
n0.523_5.72.sac,-156.506889827,0.127006936994,-228.184667766,0.289539342491
n0.523_5.85.sac,-156.429701036,0.286771781703,-229.322149876,0.21569440985
n0.523_5.98.sac,-157.589486542,0.168802064157,-227.899583941,0.178341530801
n0.523_6.11.sac,-157.289238462,0.147211113301,-189.755104473,0.671821459267
n0.610_0.14.sac,-58.7210129917,0.282410948736,-281.991885128,0.225706643635
n0.610_0.28.sac,-151.988681956,0.300867251573,-223.149440505,0.364659039666
n0.610_0.42.sac,-153.780886535,0.168123389675,-228.243141125,0.306105920074
n0.610_0.56.sac,-64.6894985764,0.467116356446,-156.360073748,0.196760777825
n0.610_0.70.sac,-157.056182867,0.261299111074,-228.031073329,0.248989917256
n0.610_0.84.sac,-228.057681851,0.287511361395,-281.8166177,0.188190947873
n0.610_0.98.sac,-157.101813547,0.196135198097,-189.037724328,0.299576593702
n0.610_0.sac,-159.584863396,0.194442132951,-226.296407166,0.28111572738
n0.610_1.12.sac,-227.84234742,0.254942875047,-326.858700112,0.106027223542
n0.610_1.26.sac,-187.727363516,0.171556279441,-227.362971597,0.247323111106
n0.610_1.40.sac,-121.414360817,0.207882024495,-227.26573978,0.237131993118
n0.610_1.54.sac,-155.931929045,0.14158400417,-227.204909306,0.245058206143
n0.610_1.68.sac,-54.091055653,0.466673699657,-155.905848083,0.196225908949
n0.610_1.82.sac,-156.482104201,0.168640971818,-228.571410278,0.270330358362
n0.610_1.96.sac,-153.964884076,0.20181673727,-228.66534949,0.316116949901
n0.610_2.10.sac,-152.658587137,0.201617940761,-226.470160059,0.313432685818
n0.610_2.24.sac,-161.797102965,0.161082123583,-226.323353039,0.186797180555
n0.610_2.38.sac,-249.635110665,0.382318010393,-329.919340412,0.403611162133
n0.610_2.52.sac,-156.57611304,0.15444318285,-198.09154779,0.206694649096
n0.610_2.66.sac,-179.47460923,0.443284075701,-312.818654839,0.424142492351
n0.610_2.80.sac,-159.400868224,0.207567494016,-322.22794284,0.337990986094
n0.610_2.94.sac,-56.4393641573,0.371129793592,-155.081662804,0.265814458876
n0.610_3.08.sac,-122.80041739,0.168187573051,-199.789930792,0.258044277035
n0.610_3.22.sac,-161.619036536,0.285843748641,-229.086161318,0.352660781773
n0.610_3.36.sac,-158.522000707,0.253164688636,-227.943427367,0.30069901863
n0.610_3.50.sac,-159.130560016,0.230674711709,-227.997869947,0.262915740708
n0.610_3.64.sac,-159.14767585,0.265993650428,-227.889398258,0.203367729699
n0.610_3.78.sac,-158.021572631,0.11701002435,-226.191490945,0.239516156786
n0.610_3.92.sac,-157.984299328,0.225567397692,-227.22294804,0.228893764657
n0.610_4.06.sac,-153.979815384,0.291845870852,-225.433753635,0.210843383222
n0.610_4.20.sac,-184.289358134,0.343663870816,-224.514736588,0.217311344144
n0.610_4.34.sac,-157.029314769,0.212891850057,-228.075400486,0.125266569943
n0.610_4.48.sac,-228.542145753,0.320813823167,-304.844851334,0.348554589674
n0.610_4.62.sac,-73.1257574569,0.340196098455,-194.685663178,0.265692247937
n0.610_4.76.sac,-240.006091618,0.248950598156,-276.263027839,0.255043623811
n0.610_4.90.sac,-159.593952306,0.135098542398,-302.965703114,0.371415363382
n0.610_5.04.sac,-40.3825386209,0.148256416687,-142.942957425,0.230464679307
n0.610_5.18.sac,-38.9340293683,0.215691379668,-199.964295441,0.173088955396
n0.610_5.32.sac,-154.067760688,0.348481688825,-229.65737165,0.50151549471
n0.610_5.46.sac,-150.907841675,0.28102663558,-281.810935971,0.264404267405
n0.610_5.60.sac,-154.610988682,0.213295217482,-230.000087808,0.212222948072
n0.610_5.74.sac,-156.237235287,0.187345627928,-228.281645494,0.219423909327
n0.610_5.88.sac,-228.634338143,0.364815259641,-281.085722597,0.332987374976
n0.610_6.02.sac,-227.011212959,0.303610425555,-281.729125779,0.293740715808
n0.697_0.15.sac,-156.599393722,0.279383050426,-225.299518782,0.315803377654
n0.697_0.30.sac,-115.299279262,0.350189586258,-223.6866644,0.17385482744
n0.697_0.45.sac,-157.485419563,0.238268157434,-302.964740311,0.309981899415
n0.697_0.60.sac,-157.229218075,0.252930792433,-228.774806353,0.201210828734
n0.697_0.75.sac,-155.137590339,0.237460476682,-225.636189616,0.337501158272
n0.697_0.90.sac,-156.15459568,0.286890130101,-224.098457173,0.191868718224
n0.697_0.sac,-226.042164502,0.111525725967,-317.658413804,0.349183149954
n0.697_1.05.sac,-124.458999579,0.0956737743591,-270.309789923,0.316209337412
n0.697_1.20.sac,-95.2691214691,0.136316376847,-226.865060993,0.210507694401
n0.697_1.35.sac,-227.434631579,0.343532451039,-302.6061429,0.24803957815
n0.697_1.50.sac,-157.235786649,0.164746697707,-228.120332034,0.242126528585
n0.697_1.65.sac,-158.259538775,0.293383252612,-227.679281089,0.247321957043
n0.697_1.80.sac,-156.468361288,0.116752192689,-227.776858125,0.285730014984
n0.697_1.95.sac,-156.006339492,0.243489672846,-265.961463002,0.430533250588
n0.697_2.10.sac,-156.035441562,0.170928614796,-227.161488189,0.234888240854
n0.697_2.25.sac,-153.298540619,0.185147666488,-328.609012249,0.520516093309
n0.697_2.40.sac,-111.115483921,0.270622778935,-273.043331854,0.228120942477
