file,pred0,err0,amp0,qual0,pred1,err1,amp1,qual1,pred2,err2,amp2,qual2,pred3,err3,amp3,qual3,pred4,err4,amp4,qual4
0.261_0,-183.705108598,0.175604539943,87.9287173798,0.1175,-154.528950183,0.0884443763597,248.180321658,0.1275,-125.170226329,0.0678272785204,98.4949947948,0.26,-153.980913452,0.0737367740108,249.888531097,0.635,-227.085568314,0.154001274009,304.82447917,0.875
0.261_0.31,-210.923508692,0.0865521725276,-120.574607692,0.035,-200.645902298,0.0650600912475,107.430475896,0.2125,-127.209337777,0.0499858038444,102.491754901,0.3275,-156.577644775,0.120873556007,225.070888491,0.9175,-228.774730516,0.148569897132,250.499405938,0.93
0.261_0.62,-197.370199188,0.0969372663845,61.1451116226,0.075,-197.862666196,0.127146935368,61.2782555259,0.1675,-125.529935761,0.0669571046923,50.6961093143,0.3125,-154.538558668,0.118395974263,132.71989222,0.8925,-227.892242084,0.133865516512,152.293730788,0.9275
0.261_0.93,-223.852310968,0.0924381929089,218.273353783,0.065,-124.073865475,0.120126679487,59.323970371,0.165,-193.709127732,0.0891371479978,59.031023882,0.23,-152.355080994,0.0740115323727,200.753749769,0.88,-224.486675334,0.18844826636,219.313878355,0.9525
0.261_1.24,-194.925632184,0.0937569619156,51.2715428908,0.07,-109.284852949,0.0521406712322,30.8894328916,0.0725,-195.423029259,0.0808082446775,50.2912930363,0.105,-157.563300327,0.0905478505977,165.280354526,0.85,-227.815161771,0.206001548457,191.535187727,0.9
0.261_1.55,-105.143012273,0.0359168505992,58.3154396917,0.04,-127.860771089,0.111682227914,50.9655736125,0.15,-192.968991147,0.14814138785,64.502441546,0.205,-156.859452165,0.0838323211921,161.527104881,0.7125,-228.111739571,0.130887477547,175.645767739,0.87
0.261_1.86,-133.892575062,0.159455337545,-77.6659843593,0.0875,-124.952207223,0.151283221739,119.65212657,0.2725,-192.923156745,0.111994640143,156.240495025,0.3475,-156.570994712,0.0989053230622,370.703818062,0.82,-228.880817055,0.147224068193,387.957307255,0.9375
0.261_2.17,-154.871127007,0.0268628319378,572.116837495,0.0425,-155.123601854,0.0898762515159,577.6657769,0.045,-123.707904216,0.0644514990181,181.689054941,0.3575,-155.626576425,0.0679788163253,580.320884123,0.86,-229.985188149,0.138129479733,524.523399647,0.95
0.261_2.48,-231.435275161,0.0424302652505,545.772727398,0.03,-125.755894116,0.150028480101,174.806086825,0.155,-203.373640435,0.0820414412746,210.7757241,0.2575,-232.341083706,0.149926359539,555.034844294,0.8675,-156.368020989,0.145427123983,623.819295256,0.925
0.261_2.79,-202.916031165,0.198337279716,97.8296051138,0.1675,-231.340748329,0.150794053812,283.225096143,0.2175,-130.415440296,0.165997149441,94.7014982334,0.23,-230.580395245,0.0987396410607,288.952875914,0.6975,-158.329851837,0.129476387614,303.847182331,0.885
0.261_3.10,-125.003969206,0.0776418244641,102.961896968,0.0525,-194.085979176,0.0727647638599,159.954839162,0.055,-194.689352102,0.197143491083,166.107430882,0.0575,-158.521662931,0.0870502178514,721.941369438,0.945,-228.673930031,0.102595544143,631.061358158,0.9475
0.261_3.41,-226.558113838,0.100261730704,744.827897244,0.0675,-194.19743161,0.043595757187,223.16788184,0.105,-126.319168296,0.0662792024547,215.663537536,0.365,-227.584043604,0.0840349923922,764.620420158,0.855,-158.321995448,0.146435552916,852.956740649,0.945
0.261_3.72,-193.616396202,0.0754021177474,417.427762886,0.1325,-157.480435454,0.143000928965,1595.89370758,0.1325,-126.546801381,0.100261456013,250.848258063,0.31,-227.251712322,0.063271866366,1390.37874508,0.855,-158.127090326,0.0861495023995,1615.10275507,0.9025
0.261_4.03,-125.059037268,0.0681975674881,186.196626078,0.06,-199.761545132,0.151413729602,459.17400382,0.0825,-224.890020728,0.180796245026,1159.79207752,0.125,-227.588414985,0.082721178766,1507.83837677,0.8575,-158.058271484,0.124389316969,1502.15139816,1.025
0.261_4.34,-156.417901064,0.165252827267,515.164596999,0.1025,-124.547128826,0.177923140908,119.979795901,0.22,-191.526690706,0.212812780766,151.818314839,0.225,-157.315382872,0.11109921864,526.215788993,0.91,-226.640151584,0.156666808691,618.750125171,0.9325
0.261_4.65,-147.71534502,0.0529806398657,-22.9396543804,0.025,-123.963235789,0.0776178885301,88.2305522885,0.0325,-194.668457461,0.0998016639686,104.94045434,0.3275,-226.931237438,0.142420534634,315.425443504,0.905,-156.554906982,0.12334509854,314.208271738,0.9925
0.261_4.96,-156.450339254,0.0817035357549,303.306349125,0.0375,-123.951404624,0.0911216000649,44.2912290321,0.1925,-183.653435047,0.103868364487,97.1966064631,0.255,-155.416754777,0.0819441944141,315.332893208,0.6425,-227.025272484,0.112608398644,350.853650474,0.925
0.261_5.27,-163.651693106,0.0932054101005,124.285238847,0.04,-188.943240815,0.0476139860119,132.005132586,0.13,-111.895266164,0.13114279866,83.435744207,0.2725,-157.115008927,0.121383276626,449.229166362,0.8525,-227.4658633,0.170469336843,608.063514263,0.94
0.261_5.58,-156.020729687,0.126847297573,743.020191765,0.0475,-227.406221541,0.151064279311,919.135415267,0.0875,-128.23439786,0.0996748266882,285.122054152,0.22,-228.040002003,0.138510071215,927.317475655,0.8475,-157.222808357,0.115765875499,777.612152938,0.9075
0.261_5.89,-132.728272353,0.0480425624896,25.031602664,0.0225,-198.902466407,0.0853820786136,246.240124503,0.195,-126.103383976,0.192885602913,235.288913587,0.2775,-227.281591157,0.146905112941,718.796816631,0.9325,-155.963755411,0.272437312043,626.564620257,1.045
0.523_0,-224.271516936,0.113711928709,196.479491242,0.0725,-182.981019126,0.0637948794433,60.1612682928,0.2425,-122.17894669,0.18806082988,59.5359202841,0.29,-154.176731553,0.149539822334,197.380648357,0.8375,-225.583402285,0.131985918245,206.467816176,0.8475
0.523_0.39,-227.870407961,0.123259192632,249.594070036,0.135,-188.884048249,0.0551916676946,89.5217521223,0.26,-126.314400368,0.140410797355,63.1002150781,0.3975,-155.285101651,0.169753780741,237.355200314,0.685,-228.667308948,0.163251989374,254.738356747,0.8975
0.523_0.78,-126.00196986,0.087539353295,36.1390400244,0.0525,-126.972798157,0.0782875457696,37.6044248069,0.0625,-197.855290058,0.188311350687,51.4321697291,0.2425,-228.342274738,0.0782824280182,129.752533749,0.6325,-154.735212164,0.111818497099,128.186206261,0.8925
0.523_1.17,-227.928553773,0.11855734274,224.407711455,0.065,-130.957809175,0.0452331552267,107.424655735,0.11,-195.817674685,0.106472704865,61.7273929139,0.3025,-228.790225871,0.0946997795814,231.444233658,0.86,-156.324371035,0.181218880131,213.736366629,0.9725
0.523_1.56,-153.97200532,0.120277091154,298.400084937,0.0675,-120.635399194,0.0717879248229,58.7064459239,0.18,-194.930400241,0.157102721883,86.900530563,0.375,-228.531175863,0.0765708763166,281.946532427,0.9225,-155.980848526,0.128728836326,343.911687567,0.9825
0.523_1.95,-156.095615319,0.248747970626,523.698804514,0.16,-193.346531438,0.0816210645414,160.258565013,0.2925,-124.002746815,0.0738424830422,126.668700018,0.355,-157.314055614,0.0987259297115,546.985875373,0.8725,-229.487849861,0.156106354939,453.770973604,0.96
0.523_2.34,-153.506108915,0.061677108448,600.97651109,0.0375,-203.311725971,0.0633201898388,172.615216742,0.04,-122.943405384,0.089029047291,181.815392635,0.3875,-230.475312906,0.161036892742,639.593481391,0.9275,-156.270809322,0.104242166767,773.347192272,0.945
0.523_2.73,-198.603575754,0.0836009754788,225.166842504,0.03,-155.976358834,0.0519620710916,885.307846458,0.035,-129.171971504,0.0882200348443,221.789900709,0.3,-228.283344369,0.0622727909108,947.832301478,0.9075,-157.522578966,0.0835848655199,948.559635079,0.9875
0.523_3.12,-157.430276396,0.117407758085,2385.63878489,0.0775,-190.988237476,0.0804097993599,511.189567488,0.2,-130.416551359,0.0655097441067,599.77329429,0.225,-228.382497527,0.0585020261968,1959.24186982,0.87,-157.871992275,0.069378554562,2395.73540793,0.9
0.523_3.51,-225.619548363,0.0519501333621,1768.42830064,0.06,-195.221687166,0.0607356216598,608.55709363,0.15,-127.272991663,0.101767341058,306.985934901,0.305,-227.721833449,0.0604265656567,2005.48866714,0.8625,-157.86164196,0.13621359317,2528.51607984,0.965
0.523_3.90,-227.039762829,0.159475553717,1126.87323652,0.13,-195.502426828,0.104252633273,355.346080401,0.1425,-126.453240607,0.0899017285863,205.793720528,0.3175,-227.726734408,0.111530574027,1137.12182731,0.915,-158.345997485,0.145308095179,1270.13112811,1.0075
0.523_4.29,-226.394908067,0.0603179047352,775.391787713,0.045,-190.349819574,0.15933094519,243.638762053,0.2175,-119.972181092,0.155437892439,116.91287267,0.26,-157.477590653,0.108857603881,570.084540545,0.6975,-227.145400026,0.138699095491,791.56400187,0.8825
0.523_4.68,-226.092330425,0.0774222757344,157.266314846,0.06,-187.051772986,0.235323606444,41.8685949322,0.1675,-124.239628659,0.237709156054,54.0458813758,0.345,-226.689153646,0.100180089295,160.441336595,0.87,-156.248170832,0.128699505082,233.633309176,0.955
0.523_5.07,-224.825416753,0.153493757168,275.982768985,0.0825,-187.40202586,0.037473371831,93.6607034278,0.22,-122.320411894,0.0799779317203,81.8142861993,0.515,-157.124279519,0.124300026271,294.63465244,0.8025,-226.21349779,0.113732229985,290.27864737,0.98
0.523_5.46,-122.399072566,0.103642791656,90.1802708588,0.1125,-123.927885743,0.118582147965,85.693110236,0.1325,-191.78701992,0.0638533398809,103.895807636,0.1875,-227.048137298,0.178259272242,380.278525176,0.9125,-157.843333157,0.128937056679,416.709671377,0.975
0.523_5.85,-126.211673572,0.0871350965523,260.849786902,0.06,-198.209899665,0.104676462718,188.446349704,0.1975,-125.64563563,0.0816980437282,262.580683917,0.25,-226.688739697,0.153920275133,541.597486833,0.93,-155.532661162,0.158974201038,507.434584718,0.945
0.785_0,-133.107258459,0.102254576083,-71.3304787492,0.0825,-186.298921754,0.196742689141,113.508494706,0.195,-123.276945799,0.145668208494,113.519369665,0.28,-155.253505734,0.175279949172,451.283353636,0.855,-227.450211464,0.140389751852,413.300606845,0.95
0.785_0.52,-131.682006009,0.121869990971,-93.4953234718,0.0375,-184.63957869,0.0504977308389,246.582313153,0.195,-123.404590214,0.157622070409,159.596922532,0.2875,-154.969690492,0.128950794368,757.203792823,0.675,-227.087322718,0.159206547427,807.090532108,0.9525
0.785_1.04,-227.41860138,0.142836743384,389.876721875,0.0975,-193.614626815,0.144632907256,100.894048257,0.11,-129.559426687,0.139065449949,93.940085135,0.1175,-228.108322871,0.152900153406,393.951554547,0.845,-155.604660084,0.180088317887,358.775080801,0.85
0.785_1.56,-122.710140274,0.172131515379,63.2759661554,0.08,-130.167908788,0.241285211348,101.862047544,0.155,-191.496047857,0.0650226078556,125.48069102,0.25,-228.077550489,0.0909119542675,378.416406426,0.94,-156.730530681,0.214084551545,398.836834411,1.005
0.785_2.08,-228.797165271,0.135459617732,813.414536563,0.0625,-157.857590042,0.124344666601,904.863042504,0.0775,-130.017230336,0.086483828908,163.034382043,0.23,-157.113086675,0.105542910484,921.516189786,0.825,-229.677188711,0.122530269698,832.846189674,0.885
0.785_2.60,-132.800752337,0.0915851378263,63.8926522947,0.0425,-198.028609554,0.0943986767145,686.663592014,0.06,-122.273841446,0.123713251306,364.858791182,0.405,-228.494711202,0.0949133705354,1856.15675659,0.87,-156.594912118,0.116277172665,1966.04268763,0.9075
0.785_3.12,-227.331374337,0.0962940333989,3274.97753598,0.0625,-190.786228234,0.213967672818,755.497676454,0.1575,-128.945201839,0.147093713283,923.400568945,0.2175,-227.797467762,0.0801069734014,3290.40856054,0.8725,-156.909482051,0.0632584793239,3667.50555257,0.8975
0.785_3.64,-133.585350752,0.156379894903,119.728400291,0.05,-106.739137858,0.0436335395973,-121.115187924,0.0525,-129.876178351,0.157286942982,258.093474397,0.095,-227.743749943,0.129293947012,1424.65000982,0.9,-157.817664512,0.0822875559162,1635.66446159,0.965
0.785_4.16,-136.849895958,0.133722537068,24.2799061573,0.07,-197.934005796,0.0417298365463,198.634164545,0.155,-128.843936115,0.161938406224,166.698856327,0.3275,-158.189704049,0.121104947074,455.093582599,0.85,-227.557359599,0.135456534214,530.711046882,0.8725
0.785_4.68,-205.745890236,0.0341348050869,-71.6115556527,0.025,-190.824675878,0.0865107588484,104.737436003,0.2875,-129.201659263,0.051346043701,84.0951759886,0.2875,-157.731324908,0.11830497044,257.548460549,0.7975,-228.112331743,0.15304840143,245.87945413,0.9475
0.785_5.20,-225.720290709,0.0862671825109,318.956221565,0.04,-183.485689634,0.0901935013706,7.92303823313,0.0425,-105.871715428,0.162247976125,52.2368015582,0.2675,-225.078566255,0.10176751819,322.511717497,0.8775,-155.27631624,0.171930448276,349.570122528,1.0975
0.785_5.72,-126.196055236,0.116225536055,131.899321051,0.07,-128.242129421,0.186579603967,103.277030008,0.0775,-185.937509438,0.0637488679338,176.675391045,0.135,-224.521378353,0.131286207664,610.570441257,0.9525,-154.097468039,0.151436073405,683.861698168,0.955
0_0,-116.868142983,0.11558424434,32.4096880299,0.0775,-224.860598828,0.161273981344,355.153564534,0.145,-187.280355989,0.0709037507151,69.6473052377,0.2075,-226.921500587,0.124703955802,405.117853151,0.885,-154.570835998,0.129122734427,380.251023989,0.9275
0_0.27,-135.578983581,0.133501913912,-68.9054431697,0.06,-186.979750039,0.0669813201684,60.5756112639,0.2125,-126.243072526,0.0476519013326,101.634406702,0.28,-227.907210885,0.13937589446,232.581664578,0.9125,-155.081537415,0.203582472248,212.745887778,0.95
0_0.54,-183.013205279,0.0650894199587,56.5769876378,0.0325,-183.305892828,0.0667396635312,56.5744523165,0.23,-124.967698999,0.0957887035389,102.605271328,0.52,-155.521662527,0.100116345888,130.502454787,0.605,-225.311620691,0.139155093382,190.043843458,1.025
0_0.81,-154.449917234,0.0969585798525,192.253921132,0.0725,-224.208919757,0.164960003608,301.252826458,0.225,-125.917064114,0.107435150426,102.680218728,0.46,-152.930405114,0.165557912767,204.018463384,0.81,-224.689141791,0.0821684429103,301.957450834,0.87
0_1.08,-226.329608584,0.0617127707415,455.234498012,0.04,-123.272147785,0.0620656143201,37.6811855547,0.0425,-185.856494708,0.112264016121,97.4751981867,0.09,-155.556019613,0.241230396834,342.735046144,0.79,-227.078309716,0.132979919011,463.008115716,0.8875
0_1.35,-106.025163191,0.164363028039,53.233257278,0.1225,-106.577193326,0.0354543243659,54.8654004811,0.1225,-188.130372815,0.0805651741193,113.493695531,0.2075,-155.587619974,0.0526777490463,370.137123784,0.65,-227.090903424,0.134134787418,389.436907098,0.9125
0_1.62,-119.358147872,0.0329447029967,9.6560784578,0.025,-187.346430832,0.131818283098,106.222629621,0.215,-127.350173732,0.129448696882,74.3703346162,0.2825,-155.489705035,0.0654002876876,283.668239206,0.66,-226.806129195,0.204152644828,268.36084538,0.935
0_1.89,-157.231935258,0.129357672128,241.398864659,0.055,-123.221673104,0.0537894975995,60.1444067627,0.1725,-188.029475502,0.0572083103117,76.9888497288,0.2075,-155.959996697,0.121015186337,249.197188365,0.8425,-228.842098538,0.120016769158,231.461503679,0.9325
0_2.16,-123.531759509,0.0973668412639,43.0271244589,0.0875,-153.364629503,0.169819980537,209.83296637,0.1175,-193.336909336,0.08060172603,52.5097596116,0.24,-228.228351421,0.0965637107359,170.662924435,0.9125,-154.145600804,0.112219004212,213.201542974,0.915
0_2.43,-126.263640422,0.0508876776621,36.8173869407,0.04,-125.69110389,0.159263823862,36.8970610793,0.1525,-199.315219541,0.102828716208,59.1380726298,0.3625,-230.012050405,0.13949321368,175.765706358,0.94,-155.804499803,0.122439456047,197.865018685,0.97
0_2.70,-228.152286351,0.139464832877,260.787374901,0.065,-119.844888518,0.228570735282,57.6843838655,0.1675,-200.010201409,0.146164028524,96.4072572288,0.2275,-230.097801202,0.110576266095,290.357294831,0.84,-156.892751419,0.160966166795,258.795561497,0.9625
0_2.97,-160.739170074,0.0560305782039,448.866428587,0.0375,-131.963677708,0.0604484130728,124.617076325,0.1075,-189.777445162,0.061679091819,158.129438659,0.1625,-158.45058751,0.0979700247768,545.378690672,0.78,-229.266083791,0.14159736599,522.770025934,0.895
0_3.24,-159.918164607,0.128280615716,804.731005378,0.0525,-108.32391119,0.088151858993,8.97532195742,0.075,-188.870890236,0.112131497346,227.793478662,0.2,-157.942883364,0.101411628494,894.59566537,0.89,-228.114389405,0.11710816631,762.998554782,0.9
0_3.51,-158.356671281,0.109150503921,2666.28587978,0.055,-191.276422511,0.172006185665,601.450095623,0.1825,-108.949331218,0.202599332874,200.373264118,0.3125,-157.380910587,0.0955746192535,2732.20250849,0.925,-227.972498306,0.156419832341,2603.66931883,0.945
0_3.78,-225.390269181,0.097670570406,2338.60122889,0.045,-204.89443723,0.159576262767,-37.7499813748,0.06,-197.373506856,0.13579226066,934.416828021,0.15,-227.238286328,0.112241727974,2610.56809554,0.8925,-157.028845582,0.10971890994,2856.97825321,0.9925
0_4.05,-130.31784277,0.153125608757,280.403663812,0.0625,-199.316697353,0.084360206971,629.285049322,0.19,-128.499275343,0.254927424599,308.940801389,0.2025,-227.170005786,0.0754828964446,1644.92803741,0.8525,-157.118864234,0.108735048527,1940.44849321,0.965
0_4.32,-156.029292145,0.0941383506001,599.262961237,0.12,-194.504125638,0.299515271273,75.1097055863,0.2875,-123.227298807,0.449777191547,101.167845964,0.325,-156.970569207,0.119122222705,614.600397909,0.9325,-226.456226091,0.264632656713,388.015578357,0.9375
0_4.59,-154.416505232,0.143363915813,430.71459814,0.06,-193.503141499,0.0430386772536,101.955166111,0.1,-125.533692381,0.0951032055606,162.733611759,0.275,-227.200054992,0.170270564273,342.297052664,0.8975,-156.126127498,0.103102737381,462.489043185,0.9125
0_4.86,-206.767265753,0.103296735589,-410.465718607,0.06,-195.294676642,0.110206501761,376.074100281,0.2575,-126.189898319,0.0436463829672,354.249429243,0.28,-154.972263086,0.136415418716,1082.1906693,0.9425,-227.917789886,0.133789079351,803.806053948,0.9425
0_5.13,-155.043049809,0.115606833056,628.151485883,0.105,-190.821586427,0.146320775947,158.498996234,0.165,-126.52144809,0.0650684907945,191.975783297,0.2925,-156.189486734,0.115139641326,655.1146765,0.915,-229.575844938,0.102030429558,612.192477382,0.92
0_5.40,-228.555753039,0.0695295978545,1810.12502794,0.07,-190.746821935,0.0941696536208,327.324433923,0.13,-128.677072641,0.0652196878507,275.959696848,0.22,-228.975889009,0.100530691817,1819.73034929,0.8575,-157.060588381,0.112273361896,1739.25569884,0.9875
0_5.67,-225.748842974,0.0553264627881,1324.46823409,0.0525,-227.870812556,0.129438271303,1674.70369877,0.095,-128.304624349,0.178945322221,290.089010699,0.095,-228.378479862,0.103045152532,1687.52588297,0.8425,-156.33381524,0.15959923494,1804.40266257,0.9925
0_5.94,-225.148139512,0.0720015606892,673.924697096,0.075,-194.025781996,0.0872662838468,258.565173159,0.2325,-129.16794694,0.18831672628,173.098671327,0.2725,-227.51731139,0.139336092651,812.455982111,0.9025,-156.092327496,0.217413949261,847.502371854,1.0425
1.046_0,-122.610911217,0.0953261844858,77.9956426768,0.04,-156.744009357,0.0532082431758,508.88930158,0.045,-186.122400712,0.17272197864,139.445434655,0.205,-154.756957561,0.118532802627,573.260102869,0.8725,-225.35420789,0.142844865507,485.885265186,0.95
1.046_0.78,-225.515227074,0.0793059447541,1187.65543085,0.0725,-184.909828401,0.170382213099,272.670007117,0.135,-123.548487186,0.115003510975,143.737855246,0.29,-226.073812983,0.102557261516,1199.904345,0.8425,-154.836782679,0.128189123357,1120.59858291,0.905
1.046_1.56,-156.339809132,0.0519984123534,860.463258101,0.04,-128.143402815,0.11280431164,84.2433655999,0.04,-186.391635674,0.10877601026,181.205146132,0.0625,-226.569635535,0.21979539741,1011.33302209,0.9425,-155.834384989,0.116729551763,865.592876994,0.98
1.046_2.34,-158.757048093,0.0843408256566,1581.01896373,0.0325,-130.430556884,0.0490924521829,134.412141269,0.0325,-192.764736795,0.133601675053,390.195067548,0.04,-156.186639002,0.159131477412,1914.08261183,0.9175,-229.129282358,0.138369447832,1856.48926751,0.9525
1.046_3.12,-131.896578839,0.0658067234206,304.371356759,0.0425,-188.388163249,0.055732908455,436.077252923,0.06,-125.91769197,0.0401112970446,548.695283996,0.285,-227.371711601,0.107776152088,2309.0696738,0.8875,-155.932543672,0.0938652761187,2378.74527339,0.9725
1.046_3.90,-135.31901047,0.130667809306,-75.3527088878,0.0675,-225.015364443,0.186257225749,497.635250397,0.09,-126.131825792,0.0554583216075,204.672851612,0.3375,-157.441621615,0.120412292031,583.647829133,0.88,-227.363260144,0.141487587718,571.950835118,0.9375
1.046_4.68,-134.098038497,0.109660899566,-20.8260734136,0.065,-126.953527298,0.112661144331,68.7777535314,0.0825,-189.568763881,0.127045329389,147.061874131,0.2,-157.102149925,0.0856136904736,476.564868511,0.84,-227.424233409,0.172124166289,417.748335453,0.965
1.046_5.46,-221.499968282,0.111551972665,554.125911931,0.0875,-223.390275143,0.111529889841,625.107074405,0.1075,-184.348510864,0.0686753971859,213.379695698,0.195,-154.543522039,0.159983079157,745.328294286,0.8375,-223.913519399,0.0862651049263,636.518566342,0.885
1.308_0,-221.428139641,0.173606367064,553.036466587,0.095,-185.231424803,0.0855482318293,199.365081043,0.19,-114.353952354,0.0366507740519,149.811148465,0.395,-154.376080201,0.0844559141692,821.905189719,0.9275,-224.0590122,0.129731047027,663.221692423,0.9425
1.308_1.57,-121.271800091,0.120452722763,147.844974317,0.0925,-226.245323463,0.140750005465,1103.19265401,0.115,-184.197853884,0.144972229962,205.0624149,0.2025,-225.559200083,0.124400831481,1115.06403512,0.835,-155.302894622,0.172406466546,1124.61641864,1.0325
1.308_3.14,-191.336425924,0.0151265760985,191.9932751,0.05,-155.383918864,0.0925762279071,942.955652643,0.085,-126.113353021,0.0367567777586,222.66325692,0.2675,-155.948248185,0.0934282578944,950.91665823,0.8975,-226.581531439,0.0927217303043,776.157764175,0.9075
1.308_4.71,-221.840060989,0.0649139264915,352.562479533,0.03,-187.182220147,0.056972878713,199.384060431,0.2325,-112.16406541,0.0933745115407,95.4740913321,0.285,-155.731519851,0.0663891721446,604.932661693,0.705,-225.647439517,0.105213635654,556.027789453,0.9775
1.571_0,-222.303827031,0.131023768278,636.258458791,0.08,-122.718824385,0.14129382043,149.350129709,0.095,-121.855741864,0.233332909228,144.830226755,0.195,-224.621651122,0.09655090818,730.639905915,0.96,-154.688616526,0.196745757759,848.766013519,1.04
n0.261_0,-192.295115284,0.0307222062684,96.3293419148,0.0575,-131.644205327,0.0947103472528,63.6771846864,0.08,-192.587873902,0.0613876881042,96.3446985168,0.2375,-155.319173714,0.153203977197,254.024861191,0.93,-226.894181531,0.229998428456,263.735105565,0.99
n0.261_0.31,-225.60296607,0.105657959864,135.316296421,0.08,-124.686472885,0.155137033931,40.9389680586,0.2375,-188.984677261,0.0968083059401,70.119508457,0.315,-155.755681033,0.099029072173,151.259423282,0.6875,-227.09454638,0.16489137841,142.430176143,0.8425
n0.261_0.62,-178.708482345,0.0608720074574,4.44573155843,0.03,-183.916339871,0.250336972864,85.8935222749,0.2325,-124.620542221,0.0793930993245,72.0143027525,0.34,-156.432096325,0.146352986181,219.94497259,0.5825,-225.719328585,0.154090041348,364.411937729,0.9525
n0.261_0.93,-133.725655528,0.0859027858485,9.37435598101,0.035,-187.235687038,0.0885606422315,178.766923774,0.1925,-126.31345471,0.072436114837,96.4010320215,0.32,-156.554418743,0.070239565995,519.765617888,0.6525,-227.246039403,0.165565198607,716.426819988,0.9275
n0.261_1.24,-109.539890327,0.057183742254,30.8652635176,0.0625,-120.81763072,0.163151410158,51.8564485849,0.07,-187.76497836,0.0445200705702,218.629062834,0.255,-156.017531923,0.0563182452476,584.594758472,0.65,-227.800531689,0.125566528214,702.068615939,0.8575
n0.261_1.55,-182.405834843,0.109603438423,79.1418891635,0.0625,-119.791337752,0.0633936452922,51.7724782885,0.2025,-187.064326717,0.112633923673,167.008017811,0.2325,-155.868616151,0.0528693659797,434.925204884,0.675,-226.864985482,0.124873592207,409.664451127,0.9175
n0.261_1.86,-226.422253356,0.127476953515,234.29390476,0.0825,-186.717774232,0.103335814796,96.0628307548,0.23,-118.841724046,0.328706258469,30.0971095943,0.375,-156.264813819,0.0595996446775,265.419783347,0.66,-227.738313374,0.0853011444467,243.680836971,0.9225
n0.261_2.17,-160.060271901,0.118183215882,98.8401632621,0.0725,-182.084959186,0.307192023067,43.4116224785,0.275,-117.480622396,0.263529332968,28.2392531036,0.42,-155.050265854,0.163805373254,202.721320903,0.8625,-227.072958972,0.186914844295,186.265146448,0.9725
n0.261_2.48,-154.310062398,0.101695434054,226.657183364,0.1025,-127.906969611,0.122158797967,54.6036463973,0.25,-199.225307981,0.146017423881,78.3836567609,0.265,-155.639338234,0.107252289632,235.001164476,0.885,-227.715088549,0.118783591169,211.257893492,0.9125
n0.261_2.79,-205.259040642,0.0369672323919,41.5448577749,0.0325,-120.95535066,0.0994053776644,89.336892466,0.075,-127.586801124,0.257485424721,102.894726046,0.1675,-157.314871281,0.145681048867,381.802550128,0.9225,-229.538181842,0.146039581748,409.169218002,0.945
n0.261_3.10,-122.401529299,0.0428301073197,75.7538707701,0.0275,-160.283360413,0.128168715421,517.841609084,0.07,-131.568600372,0.0917935701537,167.907037434,0.16,-158.62321445,0.160163703525,555.594430309,0.7625,-229.335436059,0.303518560886,550.326752369,1.0175
n0.261_3.41,-158.288035965,0.0973710810833,2649.92013533,0.055,-108.947069454,0.104085703032,18.5921256288,0.07,-191.114640287,0.236211645224,523.131256848,0.1025,-228.057229294,0.112105627967,2654.90390688,0.9125,-157.583423533,0.121108454068,2679.70551436,0.96
n0.261_3.72,-227.256020195,0.0542577906846,3882.29807837,0.035,-192.337729388,0.151499388669,933.932956813,0.1725,-126.803520275,0.172427978402,662.114166683,0.1775,-227.705892887,0.0752245902848,3900.80284395,0.8625,-157.33626799,0.134206304697,3474.79605139,0.9975
n0.261_4.03,-226.700159961,0.129674076951,1855.88643028,0.0925,-191.073320949,0.083047894944,444.545796842,0.195,-125.40941704,0.175741446023,353.29266476,0.3775,-227.285766035,0.089593692122,1863.13325164,0.85,-157.136299149,0.103493128713,1690.57773916,0.93
n0.261_4.34,-192.76055423,0.0638570824423,44.8616343273,0.08,-225.888111527,0.157826980206,286.60055351,0.145,-124.576574595,0.143146076466,71.0342925834,0.4675,-226.90511421,0.139619455957,295.965783846,0.8075,-157.2601613,0.146411226047,380.125379125,0.9425
n0.261_4.65,-195.863674164,0.0602460466295,524.287721364,0.025,-195.435550859,0.0711193260693,525.732347728,0.295,-126.968148282,0.0843341722212,390.420318801,0.3275,-155.440809081,0.075569277099,1033.24615573,0.8675,-227.716266025,0.1936512001,732.122726787,0.895
n0.261_4.96,-133.194570541,0.0348566113434,26.3869980714,0.0375,-194.61255925,0.114463333631,578.56739076,0.29,-125.874989701,0.0479435299392,460.370979385,0.3,-228.512431411,0.154452104601,1131.16616481,0.9,-155.112627981,0.0925547944759,1464.59570788,0.9375
n0.261_5.27,-228.87080204,0.110094473625,1222.39576686,0.075,-192.492330029,0.13581183354,218.259957442,0.17,-129.219600616,0.0430349464238,198.022863385,0.175,-229.336403381,0.101447991322,1229.12809233,0.855,-157.504084885,0.103840972383,1231.19478939,0.9725
n0.261_5.58,-130.212467596,0.0516816346066,291.262597376,0.0425,-129.31149062,0.11525803352,298.533542287,0.125,-190.596308933,0.107335115429,382.977468735,0.18,-228.532656651,0.164316072632,1943.92181553,0.9325,-156.8681491,0.129098341399,1940.2265637,0.9875
n0.261_5.89,-155.865643942,0.120377039098,936.830876373,0.0925,-193.29630905,0.236252533018,181.373103889,0.155,-128.795137355,0.1207526925,288.907841354,0.215,-156.506816482,0.0964324000749,949.17891579,0.8925,-227.865179396,0.208879948488,879.947375446,0.9425
n0.523_0,-221.021049678,0.0387947507148,21.9158896448,0.02,-191.166083311,0.130314237947,42.3631157791,0.3025,-121.376149443,0.337135674784,41.1745351743,0.41,-157.34849164,0.0992116968323,115.344552165,0.77,-227.625494171,0.118676999353,117.342389718,0.8325
n0.523_0.39,-119.544515684,0.0899341678342,45.090852597,0.09,-195.180496746,0.114723345913,71.6236019419,0.17,-118.07552136,0.151125578832,50.5067194433,0.285,-227.259292835,0.145734026882,189.93024074,0.905,-155.607255301,0.151597822864,171.679626166,0.915
n0.523_0.78,-158.306111036,0.107515751908,315.90657906,0.0525,-157.818525629,0.0938310869361,329.519307838,0.0575,-124.085678247,0.150973515829,87.0138267702,0.32,-156.454039092,0.177519290272,345.484964653,0.9,-226.359667453,0.152828372948,416.761593654,0.9275
n0.523_1.17,-133.098200496,0.0697524774316,49.3515918644,0.03,-189.330451175,0.0677253301066,143.562547627,0.2275,-125.183372485,0.10253887974,97.968971468,0.3625,-156.312028677,0.148823521578,390.647184,0.7775,-227.806537749,0.210674737245,473.870061851,0.9375
n0.523_1.56,-157.242288268,0.0995915407352,391.148057171,0.095,-189.939609127,0.180874099259,101.45249043,0.1,-118.9865781,0.248603997134,63.6814609701,0.215,-156.546629377,0.0911155414556,397.709592427,0.805,-227.257816143,0.106465581286,418.002977282,0.9175
n0.523_1.95,-208.608539592,0.0570281821068,-76.6721341464,0.0425,-173.833278635,0.0702345996431,-117.653722377,0.045,-186.442319122,0.0513385768312,90.0008326964,0.095,-156.326210448,0.0355018663402,263.413106521,0.655,-227.710850136,0.140764463907,261.269014824,0.91
n0.523_2.34,-226.288774111,0.116564163343,106.673233446,0.0625,-154.572159069,0.149196470818,133.138535519,0.0675,-197.981242249,0.171680332895,33.1656053704,0.11,-226.960344379,0.137780793648,108.763726532,0.8275,-156.126402381,0.118905219707,142.08208424,0.9075
n0.523_2.73,-154.167234274,0.0627619450991,178.237874766,0.0525,-192.535642013,0.141304031783,58.5035961848,0.2225,-130.173242263,0.0554038882248,98.9521096559,0.26,-227.658200645,0.104526799239,188.79727981,0.845,-156.962325652,0.0929311910526,245.652570648,0.885
n0.523_3.12,-208.287109644,0.0639277933149,-81.6454551467,0.025,-228.648690574,0.0487595204974,294.411764252,0.1025,-132.900213066,0.0732521839018,132.14422729,0.1275,-157.841799284,0.151511910051,278.788820481,0.6425,-229.911072311,0.202129985066,308.940380804,0.8825
n0.523_3.51,-157.868153839,0.0468190721889,693.300443461,0.035,-133.348941964,0.104413141172,36.0072063572,0.0475,-123.260102791,0.207817232895,141.853954961,0.4125,-227.668540284,0.228292369471,683.064146448,0.9475,-158.521902812,0.14881304672,702.66633927,0.9725
n0.523_3.90,-204.20979237,0.0725182179688,-265.629061013,0.045,-190.204425171,0.0815189602015,456.337275129,0.2375,-122.73335549,0.288714349226,305.139645994,0.45,-157.712016684,0.155589289238,1122.99230809,0.775,-227.519846254,0.149459678488,1381.46645423,0.9575
n0.523_4.29,-199.8860375,0.100732632058,2.97544847055,0.035,-189.859693656,0.0248391363935,61.3402846703,0.085,-123.003352063,0.140580509884,75.1906662938,0.245,-158.305366718,0.210821111926,195.535620184,0.8125,-227.869335304,0.172705951169,266.96034563,0.9575
n0.523_4.68,-128.009188775,0.141804215231,120.889290076,0.0675,-127.271817477,0.137789250832,117.394923767,0.205,-194.627142608,0.122843924165,197.37941565,0.315,-155.426580814,0.0916180967987,297.915727824,0.6475,-228.248540809,0.148069315914,332.331422993,0.7825
n0.523_5.07,-206.284910659,0.0703729051324,-105.53358808,0.0475,-155.300532437,0.148260683135,228.755450943,0.0675,-196.983759941,0.102528676905,73.4113421257,0.13,-156.413854853,0.117372276265,233.906711437,0.92,-229.053870445,0.147258570245,185.062903592,0.945
n0.523_5.46,-156.541843913,0.0801842058516,390.429873119,0.065,-130.635218959,0.106877474897,77.5544045375,0.0925,-156.954255728,0.0904563192465,385.057279899,0.0925,-156.234993125,0.0370999414314,389.476327395,0.6525,-228.227621561,0.139975076325,418.906783273,0.895
n0.523_5.85,-154.292131875,0.0500782477536,297.930168406,0.0275,-105.045967582,0.182233920812,9.97635265617,0.0775,-130.007158811,0.0775359581018,111.271884523,0.0875,-228.432578313,0.174653815915,300.765043291,0.93,-156.551889082,0.130636588632,357.927403548,0.9575
n0.785_0,-206.189741713,0.0839145023816,-19.5126408581,0.04,-197.75777423,0.167479019283,26.7840839509,0.18,-122.409316354,0.121849237704,50.9734805852,0.5475,-227.071474718,0.174000713611,132.956126526,0.8675,-158.287398105,0.146010219611,116.930750884,0.9125
n0.785_0.52,-205.474059426,0.14571139677,-18.1396960044,0.0675,-128.031704979,0.0643899210211,83.6791420939,0.155,-194.653596313,0.139111656299,69.3395399247,0.165,-155.660863903,0.137923086509,182.423004499,0.81,-226.556902899,0.147291516777,225.167331803,0.8475
n0.785_1.04,-147.76586265,0.0289542884159,-14.6198906547,0.0225,-186.331769405,0.148045724856,60.9699662445,0.2125,-128.004103095,0.0550749681191,89.7922160641,0.25,-154.729065312,0.0984780460729,214.100850131,0.6875,-225.521807134,0.20426446664,219.796256848,0.97
n0.785_1.56,-120.191374812,0.21261839813,63.2854791728,0.0575,-188.47378968,0.0514213898287,99.5336466357,0.205,-119.466997718,0.079203968414,63.8880620183,0.2725,-156.669173339,0.131989207351,337.897607057,0.7975,-227.118367064,0.144582413941,336.014340781,0.9275
n0.785_2.08,-222.005006178,0.0390297676711,49.7199720645,0.03,-188.544932847,0.123142732398,76.6269965178,0.0525,-125.844794963,0.293459321481,72.4845566295,0.31,-155.800552861,0.143979647644,260.375616286,0.755,-227.535652916,0.170209273879,250.825196825,0.925
n0.785_2.60,-128.792406532,0.107596967936,26.2106197691,0.055,-227.831291604,0.086835605484,89.1796464968,0.085,-115.135175424,0.123698061232,25.0463819437,0.1775,-155.617319176,0.0661958789314,76.0582403273,0.6525,-228.449953712,0.125270645965,90.3428960572,0.82
n0.785_3.12,-192.391880155,0.191237104209,55.2147194582,0.1,-190.62331767,0.197710826428,61.584431394,0.1775,-123.758514384,0.0830512126323,62.2884363578,0.425,-157.155512931,0.158736206313,136.213128165,0.715,-227.947466776,0.188384771874,137.336813044,0.9
n0.785_3.64,-129.583103677,0.110796321583,209.431770459,0.075,-130.046327341,0.124637506155,208.742694382,0.09,-187.671202701,0.070963020391,247.399999623,0.16,-158.200254899,0.0500411811986,693.438881793,0.64,-227.726310966,0.184413325909,682.308498835,0.9425
n0.785_4.16,-161.151168374,0.154481605137,302.302788716,0.085,-186.529912672,0.0574093673209,96.3270671143,0.1,-132.824716664,0.0746880196214,173.501932469,0.115,-157.82650258,0.195412245632,421.298563361,0.885,-227.616725569,0.172958962337,428.102434497,0.9375
n0.785_4.68,-188.200429173,0.0547962930097,42.8724018375,0.05,-187.774605223,0.138761764155,43.0557555927,0.14,-124.48396376,0.143139291708,41.3816331145,0.25,-158.809453822,0.132033667649,140.046521346,0.665,-227.67325367,0.169411318428,142.813564361,0.9075
n0.785_5.20,-119.084470527,0.0542069949303,21.1763251256,0.05,-228.51331414,0.138502865447,82.4103612645,0.065,-118.494554559,0.0943328388173,21.8636912701,0.295,-229.420396407,0.174195316971,83.9561449129,0.735,-155.952449839,0.139538496732,101.340841386,0.9075
n0.785_5.72,-194.713488838,0.101326903519,187.294392948,0.0525,-104.542098633,0.262370536264,-10.2050582029,0.06,-208.589819343,0.164024342636,-243.117576134,0.0725,-229.649623401,0.169009533615,598.61700783,0.945,-156.860541206,0.100173762906,761.999743641,0.9475
n1.046_0,-195.544292447,0.1764551583,209.018598902,0.085,-133.269338191,0.186719960381,2.35545644597,0.1,-124.822734293,0.156738761869,116.730076833,0.3175,-157.587870985,0.097824229058,675.009788573,0.8725,-229.087775768,0.138648449293,524.677572046,0.94
n1.046_0.78,-204.244642655,0.0625158244788,-88.7206841546,0.045,-135.554800729,0.113383432761,-41.3707518948,0.0775,-129.231245883,0.140852304709,86.2008072379,0.205,-154.349965151,0.0679450139103,250.87302148,0.605,-225.56726106,0.162051143438,231.957937541,0.965
n1.046_1.56,-155.95607602,0.131621517004,287.704004057,0.065,-186.12736422,0.156384912264,76.424593474,0.185,-125.980365215,0.0511049436877,108.915663813,0.35,-155.280543751,0.14517737986,291.620403727,0.8075,-226.764030238,0.157707704077,287.268170484,0.935
n1.046_2.34,-208.212667307,0.151387238688,-36.9814929298,0.07,-225.64374231,0.329372322554,145.839324218,0.185,-127.551816366,0.0551339781535,59.70683268,0.2025,-154.911375115,0.140357001656,179.12963008,0.7925,-227.169771719,0.134604928885,153.545174649,0.87
n1.046_3.12,-224.455103938,0.0718370547066,188.459623808,0.045,-127.177550388,0.0405500935302,132.482654011,0.3725,-190.327833932,0.0750834393419,108.636102849,0.47,-156.654696283,0.100676767741,173.455401923,0.7125,-227.141470468,0.131483522416,231.185903554,0.8925
n1.046_3.90,-229.377828666,0.185218728148,380.370727357,0.0975,-158.078008222,0.0824008002585,425.657812653,0.1425,-189.542664034,0.0600314112999,123.964502372,0.1575,-157.613736386,0.0451498379738,427.892180881,0.665,-227.404576578,0.136651547842,435.769684176,0.845
n1.046_4.68,-186.316929885,0.134705585783,38.2383825354,0.07,-186.951336689,0.0629014034369,38.4099048588,0.1,-128.943239312,0.176606057514,29.2142086867,0.25,-156.952104198,0.0811048924636,109.548353237,0.6,-227.643566455,0.186213280237,110.329105994,0.8975
n1.046_5.46,-158.346731713,0.104737488007,650.074977095,0.0525,-126.740881717,0.127190836612,92.3771944979,0.1525,-193.032536036,0.201741158709,188.100788513,0.1925,-229.911988785,0.0895544618722,528.591360315,0.865,-156.983547832,0.0921944441973,681.455514484,0.92
n1.308_0,-125.904983932,0.0453798619278,45.6278464837,0.035,-125.696774893,0.0414173428946,45.7282323367,0.205,-186.430121052,0.0565558726049,65.6368676806,0.2475,-154.02525145,0.122130515195,184.451475102,0.7125,-225.92425816,0.180573600756,201.350676008,0.935
n1.308_1.57,-154.925358295,0.0490408111085,243.682429903,0.04,-204.284961345,0.104732031409,-40.667411179,0.055,-126.345666422,0.165732514404,66.0456630491,0.295,-154.088045248,0.121273883133,248.722653252,0.8325,-226.243221267,0.119106289676,225.160250436,0.895
n1.308_3.14,-222.305506599,0.0919546445283,193.553602519,0.0625,-191.794388914,0.179860203894,46.743100904,0.07,-125.37416784,0.0779713022587,108.866484442,0.325,-224.904299637,0.115032808543,238.856849183,0.9275,-154.393060597,0.0926313020042,227.468254123,0.95
n1.308_4.71,-223.083031024,0.0608886545211,68.2036087793,0.0525,-125.474147334,0.141446501545,21.7299410116,0.19,-189.222554504,0.113851848287,43.1981121915,0.2875,-156.130142226,0.128815173941,114.53206972,0.73,-225.617339135,0.151429740749,94.6140425501,0.89
n1.571_0,-224.938589831,0.0849657844812,188.226667318,0.03,-185.681011001,0.120545192258,66.5806572801,0.2225,-124.299650419,0.0810554093546,56.5230315494,0.295,-153.392302641,0.131289559698,180.441135022,0.7475,-225.527701122,0.123465790084,190.377001311,0.93
